Transcript,Gene,Chr,Genomic_pos,cDNA_pos,cDNA_ref,cDNA_alt,Transcript_pos,Direction,Allele,Codon_pos,Codon_ref,AA_pos,AA_ref,AA_alt,Vartype,Original_cDNA_change,Original_AA_change,Inheritance,Functional Consequence,Gender,Published_in,Cohort,published,Age at Inclusion (years),Family History of Neurologic or Psychiatric disorders ,EDIT_Family History of Neurologic or Psychiatric disorders ,Epilepsy ,Age at seizure onset (months),Non-Convulsive Status    ,Focal Sz ,GTC   ,Eyelid Myoclonia ,Atonic ,Myoclonic ,Absence or Atypical Absence ,OUTDATED_Epilepsy Syndrome Classification,Epilepsy Syndrome Classification,OUTDATED_Cognitive Level AFTER Seizure Onset,Cognitive Level AFTER Seizure Onset,Cognitive Impairment,ADHD ,Aggression ,Autistic traits ,Movement Disorder ,Hypotonia ,Ataxia ,record_ID,ACMG_classification,EEG,ID
 c.283G>T,SLC6A1,3,11059573,283,G,T,,,,,,11059573,G,T,Missense,,p.Val95Phe,inherited,,NA,SLC6A1-Connect,SLC6A1-Connect,Yes,10,Yes,,Yes,15,No,Yes,No,No,No,No,No,NAFE,NAFE,Mild DD/ID,Mild DD/ID,,Yes,No,No,No,Yes,No,,,"Initial: Normal, follow-up: Bioccipitopartial and Posterior-temporal 3-4 Hz spike-and-slow-waves",6
c.199G>A,SLC6A1,3,,199,G,A,,,,,,,G,A,,,p.Val67Ile,de novo,,male,,Filadelfia Genetics,No,,No,None,Yes,12,,,,,,,,,,Normal,Normal,,,,,No,,,23,Pathogenic,,126
c.1531G>A,SLC6A1,3,11076220,1531,G,A,,,,,,11076220,G,A,Missense,,p.Val511Met,unknown,,NA,"Epi25 Collaborative, 2019","Epi25 Collaborative, 2019",Yes,NA,NA,,Yes,NA,NA,NA,NA,NA,NA,NA,NA,GGE,GGE,NA,NA,,NA,NA,No,NA,NA,NA,,,NA,29
c.1531G>A,SLC6A1,3,11076220,1531,G,A,,,,,,11076220,G,A,Missense,,p.Val511Met,de novo,,Male,"Johanensen et al, 2018","Johanensen et al, 2018",Yes,5,No,,Yes,12,No,No,No,No,No,No,Yes,Unclassified General,Unclassified epilepsy,Mild DD/ID,Mild DD/ID,,Yes,No,No,No,No,No,,,"Background slowing, Generalized spike-and-slow-waves, Focal spike-and-slow-waves  ",75
c.1531G>A,SLC6A1,3,11076220,1531,G,A,,,,,,11076220,G,A,Missense,,p.Val511Met,unknown,,NA,"Truty et al, 2019","Truty et al, 2019",Yes,NA,NA,,Yes,NA,NA,NA,NA,NA,NA,NA,NA,Unavailable,NA,NA,NA,,NA,NA,NA,NA,NA,NA,,,NA,107
c.1531G>A,SLC6A1,3,,1531,G,A,,,,,,,G,A,,,p.Val511Met,de novo,Unknown,male,,Filadelfia Genetics,No,,NA,,Yes,11,,,,,,,,,,Mild ID,Mild DD/ID,,,,,No,,,291,Likely pathogenic,,133
c.1531G>A,SLC6A1,3,,1531,G,A,,,,,,,G,A,,,p.Val511Met,de novo,Unknown,female,,Filadelfia Genetics,No,,No,None,Yes,21,,,,,,,,,,Mild ID,Mild DD/ID,,,,,No,,,441,Pathogenic,,143
c.1335dup,SLC6A1,3,11072874,1335,T,NA,,,,,,11072874,T,NA,PTV,,p.Val446Cysfs*6,unknown,,NA,"Truty et al, 2019","Truty et al, 2019",Yes,NA,NA,,Yes,NA,NA,NA,NA,NA,NA,NA,NA,Unavailable,NA,NA,NA,,NA,NA,NA,NA,NA,NA,,,NA,106
c.1337T>A,SLC6A1,3,11072876,1337,T,A,,,,,,11072876,T,A,Missense,,p.Val446Asp,unknown,,NA,"Epi25 Collaborative, 2019","Epi25 Collaborative, 2019",Yes,NA,NA,,Yes,NA,NA,NA,NA,NA,NA,NA,NA,GGE,GGE,NA,NA,,NA,NA,No,NA,NA,NA,,,NA,32
c.1024G>A,SLC6A1,3,11067991,1024,G,A,,,,,,11067991,G,A,Missense,,p.Val342Met,unknown,,Female,"Satterstorm et al, 2018","Satterstorm et al, 2018",Yes,NA,NA,,Yes,NA,NA,NA,NA,NA,NA,NA,NA,Unavailable,NA,NA,NA,,NA,NA,Yes,NA,NA,NA,,,NA,43
c.1024G>A,SLC6A1,3,11067991,1024,G,A,,,,,,11067991,G,A,Missense,,p.Val342Met,inherited,,Male,"Johanensen et al, 2018","Johanensen et al, 2018",Yes,19,Yes,,Yes,24,No,No,Yes,No,Yes,No,Yes,EMAS,EMAS,Severe DD/ID,Severe DD/ID,,Yes,No,No,Yes,No,No,,,"Background slowing, Generalized spike-and-slow-waves, and Multifocal spike-and-slow-waves",60
c.1024G>A,SLC6A1,3,11067991,1024,G,A,,,,,,11067991,G,A,Missense,,p.Val342Met,inherited,,Male,"Johanensen et al, 2018","Johanensen et al, 2018",Yes,12,Yes,,Yes,15,No,No,No,No,Yes,Yes,Yes,EMAS,EMAS,Moderate DD/ID,Moderate DD/ID,,No,Yes,Yes,No,Yes,No,,,"Background slowing, Generalized spike-and-slow-waves, and Multifocal spike-and-slow-waves",61
c.1024G>A,SLC6A1,3,11067991,1024,G,A,,,,,,11067991,G,A,Missense,,p.Val342Met,inherited,,Male,"Johanensen et al, 2018","Johanensen et al, 2018",Yes,28,Yes,,Yes,NA,No,No,Yes,No,No,No,Yes,CAE,CAE,Normal,Normal,,NA,NA,NA,No,No,No,,,Generalized 3-Hz spike-and-slow-waves,62
c.1024G>A,SLC6A1,3,11067991,1024,G,A,,,,,,11067991,G,A,Missense,,p.Val342Met,inherited,,Female,"Johanensen et al, 2018","Johanensen et al, 2018",Yes,NA,Yes,,NA,NA,No,No,No,No,No,No,No,Unavailable,NA,Mild DD/ID,Mild DD/ID,,No,No,No,No,No,No,,,NA,63
c.1024G>A,SLC6A1,3,11067991,1024,G,A,,,,,,11067991,G,A,Missense,,p.Val342Met,de novo,,Male,"Johanensen et al, 2018","Johanensen et al, 2018",Yes,NA,No,,Yes,36,No,No,No,No,No,No,Yes,Unclassified General,Unclassified epilepsy,Learning disability,Learning disability,,NA,NA,NA,NA,NA,NA,,,NA,64
c.1024G>A,SLC6A1,3,11067991,1024,G,A,,,,,,11067991,G,A,Missense,,p.Val342Met,de novo,,Male,"Johanensen et al, 2018","Johanensen et al, 2018",Yes,8,No,,Yes,60,No,No,No,No,No,No,Yes,Unclassified General,Unclassified epilepsy,Moderate DD/ID,Moderate DD/ID,,No,No,Yes,NA,NA,NA,,,Generalized 3-Hz spike-and-slow-waves,65
c.1024G>A,SLC6A1,3,11067991,1024,G,A,,,,,,11067991,G,A,Missense,,p.Val342Met,de novo,,Female,"Johanensen et al, 2018","Johanensen et al, 2018",Yes,5,No,,Yes,24,No,No,No,No,Yes,Yes,Yes,EMAS,EMAS,Moderate DD/ID,Moderate DD/ID,,Yes,Yes,No,No,No,No,,,Generalized 2.5-3.5-Hz (poly)spike-and-slow-waves,66
c.1024G>A,SLC6A1,3,11067991,1024,G,A,,,,,,11067991,G,A,Missense,,p.Val342Met,de novo,,Female,"Johanensen et al, 2018","Johanensen et al, 2018",Yes,10,Yes,,Yes,13,No,No,No,Yes,No,No,Yes,Unclassified General,Unclassified epilepsy,Moderate DD/ID,Moderate DD/ID,,No,No,Yes,No,No,Yes,,,"Generalized spike-and-slow-wave, Occipital 3-Hz spike-and-slow-waves, Occipital notched delta slowing",67
c.1024G>A,SLC6A1,3,11067991,1024,G,A,,,,,,11067991,G,A,Missense,,p.Val342Met,de novo,,Male,"Snoeijen-Schouwenaars et al, 2018","Snoeijen-Schouwenaars et al, 2018",Yes,NA,NA,,Yes,NA,NA,NA,NA,NA,NA,NA,NA,Unclassified General,Unclassified epilepsy,Moderate DD/ID,Moderate DD/ID,,NA,NA,NA,NA,NA,NA,,,NA,95
c.1024G>A,SLC6A1,3,11067991,1024,G,A,,,,,,11067991,G,A,Missense,,p.Val342Met,unknown,,NA,"Truty et al, 2019","Truty et al, 2019",Yes,NA,NA,,Yes,NA,NA,NA,NA,NA,NA,NA,NA,Unavailable,NA,NA,NA,,NA,NA,NA,NA,NA,NA,,,NA,105
c.1579T>C,SLC6A1,3,11076268,1579,T,C,,,,,,11076268,T,C,Missense,,p.Tyr527His,unknown,,NA,"Epi25 Collaborative, 2019","Epi25 Collaborative, 2019",Yes,NA,NA,,Yes,NA,NA,NA,NA,NA,NA,NA,NA,GGE,GGE,NA,NA,,NA,NA,No,NA,NA,NA,,,NA,28
c.812A>G,SLC6A1,3,11067232,812,A,G,,,,,,11067232,A,G,Missense,,p.Tyr271Cys,de novo,,NA,SLC6A1-Connect,SLC6A1-Connect,Yes,6,Yes,,No,NA,NA,NA,NA,NA,NA,NA,NA,No seizures,No seizures,Learning disability,Learning disability,,Yes,No,Yes,No,No,No,,,NA,83
c.456C>A,SLC6A1,3,11060369,456,C,A,,,,,,11060369,C,A,PTV,,p.Tyr152Ter,de novo,,Female,"Kim et al, 2019","Kim et al, 2019",Yes,8.7,Yes,,Yes,51,No,No,Yes,NA,No,No,Yes,EOAE,CAE,Developmental delay,Unclassified DD,,NA,NA,No,NA,NA,NA,,,Generalized 3-Hz spike-and-slow-waves,91
c.419A>G,SLC6A1,3,11060332,419,A,G,,,,,,11060332,A,G,Missense,,p.Tyr140Cys,de novo,,Female,"Johanensen et al, 2018","Johanensen et al, 2018",Yes,17,No,,Yes,24,Yes,No,No,No,Yes,Yes,Yes,EMAS,EMAS,Mild DD/ID,Mild DD/ID,,No,No,No,No,No,No,,,Generalized spike-and-slow-wave,48
c.415T>C,SLC6A1,3,11060328,415,T,C,,,,,,11060328,T,C,Missense,,p.Tyr139His,unknown,,NA,"Epi25 Collaborative, 2019","Epi25 Collaborative, 2019",Yes,NA,NA,,Yes,NA,NA,NA,NA,NA,NA,NA,NA,GGE,GGE,NA,NA,,NA,NA,No,NA,NA,NA,,,NA,21
c.1595G>A,SLC6A1,3,,1595,G,A,,,,,,,G,A,,,p.Trp532*,,Loss of function,,,Filadelfia Genetics,No,,No,None,Yes,24,,,,,,,,,,Mild ID,Mild DD/ID,,,,,No,,,486,,,149
c.1484G>T,SLC6A1,3,11075382,1484,G,T,,,,,,11075382,G,T,Missense,,p.Trp495Leu,de novo,,NA,"Rees et al, 2020","Rees et al, 2020",Yes,-,Yes,,No,NA,No,No,No,No,No,No,No,No seizures,No seizures,Normal,Normal,,No,No,No,No,No,No,,,NA,116
c.666G>T,SLC6A1,3,,666,G,T,,,,,,,G,T,,,p.Trp222Cys,de novo,Unknown,female,,Filadelfia Genetics,No,,No,None,Yes,96,,,,,,,,,,Normal,Normal,,,,,No,,,414,,,141
c.636G>A,SLC6A1,3,11064076,636,G,A,,,,,,11064076,G,A,PTV,,p.Trp212Ter,unknown,,NA,"Epi25 Collaborative, 2019","Epi25 Collaborative, 2019",Yes,NA,NA,,Yes,NA,NA,NA,NA,NA,NA,NA,NA,DEE,DEE,NA,NA,,NA,NA,No,NA,NA,NA,,,NA,16
c.636G>A,SLC6A1,3,,636,G,A,,,,,,,G,A,,,p.Trp212*,de novo,Loss of function,female,,Filadelfia Genetics,No,,No,None,Yes,10,,,,,,,,,,Mild ID,Mild DD/ID,,,,,No,,,28,,,127
c.578G>A,SLC6A1,3,11062005,578,G,A,,,,,,11062005,G,A,PTV,,p.Thp193Ter,de novo,,Female,"Johanensen et al, 2018","Johanensen et al, 2018",Yes,12,No,,Yes,38,No,No,No,No,Yes,Yes,Yes,EMAS,EMAS,Mild DD/ID,Mild DD/ID,,No,No,Yes,No,No,No,,,Initial: Background slowing and generalized spike-and-slow-wave; Follow-up: normal ,50
c.1722C>G,SLC6A1,3,11078574,1722,C,G,,,,,,11078574,C,G,Missense,,p.Ser574Arg,unknown,,NA,"Epi25 Collaborative, 2019","Epi25 Collaborative, 2019",Yes,NA,NA,,Yes,NA,NA,NA,NA,NA,NA,NA,NA,NAFE,NAFE,NA,NA,,NA,NA,No,NA,NA,NA,,,NA,26
c.1679dupA,SLC6A1,3,,1679,A,NA,,,,,,,A,NA,,,p.Ser562Leufs*24,maternal,,male,,Filadelfia Genetics,No,,NA,Unknown,No,,,,,,,,,,,Severe ID,Severe DD/ID,Severe ID,,,,No,,,14,Likely pathogenic,,125
c.1377C>G,SLC6A1,3,11072916,1377,C,G,,,,,,11072916,C,G,Missense,,p.Ser459Arg,de novo,,Female,"Johanensen et al, 2018","Johanensen et al, 2018",Yes,13,No,,Yes,60,No,No,No,No,No,No,Yes,Unclassified General,Unclassified epilepsy,Severe DD/ID,Severe DD/ID,,No,Yes,No,No,No,No,,,Generalized (polys) spike-and-slow-waves,74
c.1377C>G,SLC6A1,3,11072916,1377,C,G,,,,,,11072916,C,G,Missense,,p.Ser459Arg,unknown,,NA,"Truty et al, 2019","Truty et al, 2019",Yes,NA,NA,,Yes,NA,NA,NA,NA,NA,NA,NA,NA,Unavailable,NA,NA,NA,,NA,NA,NA,NA,NA,NA,,,NA,104
c.983C>A,SLC6A1,3,,983,C,A,,,,,,,C,A,,,p.Ser328*,,Loss of function,,,Filadelfia Genetics,No,,NA,,,,,,,,,,,,,,,,,,,,,,504,,,158
c.884C>T,SLC6A1,3,11067493,884,C,T,NA,NA,NA,NA,NA,11067493,C,T,Missense,,p.Ser295Leu,unknown,,NA,SLC6A1-Connect,SLC6A1-Connect,Yes,1.3,Yes,,No,NA,No,No,No,No,No,No,No,No Seizures,No seizures,NA,NA,,No,No,No,No,Yes,No,,,Normal,1
c.523_524insA,SLC6A1,3,11061950,523,T,NA,NA,NA,NA,NA,NA,11061950,T,NA,PTV,,p.Ser175Tyrfs*32,unknown,,Female,SLC6A1-Connect,SLC6A1-Connect,Yes,2.7,No,,Yes,12,No,No,No,Yes,No,No,Yes,EOAE,CAE,Developmental delay,Unclassified DD,,No,No,No,No,No,No,,,Frequent bursts of generalized posteriorly dominant 3-3.5-Hz activity mixed with spikes  ,3
c.523_524insA,SLC6A1,3,11061950,523,T,NA,,,,,,11061950,T,NA,PTV,,p.Ser175Tyrfs*32,unknown,,NA,"Truty et al, 2019","Truty et al, 2019",Yes,NA,NA,,Yes,NA,NA,NA,NA,NA,NA,NA,NA,Unavailable,NA,NA,NA,,NA,NA,NA,NA,NA,NA,,,NA,103
c.434C>T,SLC6A1,3,11060347,434,C,T,,,,,,11060347,C,T,Missense,,p.Ser145Phe,de novo,,Female,"Johanensen et al, 2018","Johanensen et al, 2018",Yes,2.3,No,,NA,NA,No,No,No,No,No,No,No,CAE,CAE,Mild DD/ID,Mild DD/ID,,No,Yes,Yes,Yes,Yes,Yes,,,Normal,49
c.286C>G,SLC6A1,3,,286,C,G,,,,,,,C,G,,,p.Pro96Ala,paternal,Unknown,male,,Filadelfia Genetics,No,,Yes,"Father mild ID, no epilepsy",Yes,36,,,,,,,,,,Moderate ID,Moderate DD/ID,,,,,Yes,,,274,Pathogenic,,129
c.1589C>T,SLC6A1,3,11076278,1589,C,T,,,,,,11076278,C,T,Missense,,p.Pro530Leu,unknown,,NA,"Epi25 Collaborative, 2019","Epi25 Collaborative, 2019",Yes,NA,NA,,Yes,NA,NA,NA,NA,NA,NA,NA,NA,GGE,GGE,NA,NA,,NA,NA,No,NA,NA,NA,,,NA,27
c.784C>T,SLC6A1,3,11067204,784,C,T,,,,,,11067204,C,T,Missense,,p.Pro262Ser,unknown,,NA,"Epi25 Collaborative, 2019","Epi25 Collaborative, 2019",Yes,NA,NA,,Yes,NA,NA,NA,NA,NA,NA,NA,NA,GGE,GGE,NA,NA,,NA,NA,No,NA,NA,NA,,,NA,13
c.1155C>G,SLC6A1,3,11070497,1155,C,G,,,,,,11070497,C,G,Missense,,p.Phe385Leu,de novo,,Male,"Johanensen et al, 2018","Johanensen et al, 2018",Yes,10,No,,Yes,15,No,No,No,No,Yes,Yes,No,EMAS,EMAS,Mild DD/ID,Mild DD/ID,,No,No,Yes,No,No,Yes,,,Posterior 3-4-Hz spike-and-slow-waves,71
c.881_883del,SLC6A1,3,11067490,881,T,NA,,,,,,11067490,T,NA,INDEL,,p.Phe294del,de novo,,Male,"Johanensen et al, 2018","Johanensen et al, 2018",Yes,12,No,,Yes,18,No,No,No,No,Yes,Yes,Yes,EMAS,EMAS,Moderate DD/ID,Moderate DD/ID,,Yes,No,No,No,No,Yes,,,Background slowing and Generalized spike-and-slow-waves,58
c.809T>C,SLC6A1,3,11067229,809,T,C,,,,,,11067229,T,C,Missense,,p.Phe270Ser,de novo,,Male,"Johanensen et al, 2018","Johanensen et al, 2018",Yes,7,No,,Yes,18,No,No,No,No,No,No,Yes,Unclassified General,Unclassified epilepsy,Mild DD/ID,Mild DD/ID,,Yes,Yes,No,No,No,No,,,Occipital notched rhythmic delta and 2-2.5-Hz spike-and-slow-wave ,55
c.724T>G,SLC6A1,3,11067144,724,T,G,,,,,,11067144,T,G,Missense,,p.Phe242Val,unknown,,NA,"Epi25 Collaborative, 2019","Epi25 Collaborative, 2019",Yes,NA,NA,,Yes,NA,NA,NA,NA,NA,NA,NA,NA,GGE,GGE,NA,NA,,NA,NA,No,NA,NA,NA,,,NA,14
c.724T>G,SLC6A1,3,11067144,724,T,G,,,,,,11067144,T,G,Missense,,p.Phe242Val,unknown,,NA,"Epi25 Collaborative, 2019","Epi25 Collaborative, 2019",Yes,NA,NA,,Yes,NA,NA,NA,NA,NA,NA,NA,NA,NAFE,NAFE,NA,NA,,NA,NA,No,NA,NA,NA,,,NA,15
c.365_370+6delTCAAGGGTAAGT,SLC6A1,3,,365,,,,,,,,,,,,,p.Phe122_Gly124delinsCys,,,,,Filadelfia Genetics,No,,NA,,,,,,,,,,,,,,,,,,,,,,503,,,157
c.1460T>C,SLC6A1,3,11075358,1460,T,C,,,,,,11075358,T,C,Missense,,p.Met487Thr,unknown,,NA,"Truty et al, 2019","Truty et al, 2019",Yes,NA,NA,,Yes,NA,NA,NA,NA,NA,NA,NA,NA,Unavailable,NA,NA,NA,,NA,NA,NA,NA,NA,NA,,,NA,102
c.226A>G,SLC6A1,3,11059123,226,A,G,,,,,,11059123,A,G,Missense,,p.Lys76Glu,de novo,,Female,SLC6A1-Connect,SLC6A1-Connect,Yes,2.9,No,,Yes,18,No,No,No,Yes,Yes,Yes,No,EMAS,EMAS,Mild DD/ID,Mild DD/ID,,No,No,No,No,No,Yes,,,"Generalized 2.5-4-Hz spike-and-slow-waves,  Bifronto-temporal (poly) spike-and-slow-waves,  and Bioccipito-parieto-centrotemporal delta/theta slowing",111
c.1342A>T,SLC6A1,3,11072881,1342,A,T,,,,,,11072881,A,T,PTV,,p.Lys448Ter,de novo,,Female,"Johanensen et al, 2018","Johanensen et al, 2018",Yes,10,No,,Yes,36,No,No,No,No,Yes,Yes,No,EMAS,EMAS,Moderate DD/ID,Moderate DD/ID,,No,No,Yes,No,No,Yes,,,Generalized and lateralized delta slowing and spike-and-slow-waves,72
c.1343A>G,SLC6A1,3,11072882,1343,A,G,,,,,,11072882,A,G,Missense,,p.Lys448Arg,unknown,,NA,"Epi25 Collaborative, 2019","Epi25 Collaborative, 2019",Yes,NA,NA,,Yes,NA,NA,NA,NA,NA,NA,NA,NA,GGE,GGE,NA,NA,,NA,NA,No,NA,NA,NA,,,NA,31
c.104dupA,SLC6A1,3,11059001,104,A,NA,,,,,,11059001,A,NA,PTV,,p.Lys36GluFsTer171,de novo,,Female,"Johanensen et al, 2018","Johanensen et al, 2018",Yes,6,No,,Yes,5,No,No,No,Yes,Yes,No,Yes,EOAE,CAE,Moderate DD/ID,Moderate DD/ID,,NA,NA,NA,No,Yes, No,,,Bioccipital background slowing and Generalized spike-and-slow-wave ,46
c.99G>T,SLC6A1,3,11058996,99,G,T,,,,,,11058996,G,T,Missense,,p.Lys33Asn,unknown,,NA,"Epi25 Collaborative, 2019","Epi25 Collaborative, 2019",Yes,NA,NA,,Yes,NA,NA,NA,NA,NA,NA,NA,NA,NAFE,NAFE,NA,NA,,NA,NA,No,NA,NA,NA,,,NA,8
c.160C>T,SLC6A1,3,11059057,160,C,T,,,,,,11059057,C,T,Missense,,p.Leu54Phe,unknown,,Male,"Satterstorm et al, 2018","Satterstorm et al, 2018",Yes,NA,NA,,NA,NA,NA,NA,NA,NA,NA,NA,NA,Unavailable,NA,NA,NA,,NA,NA,Yes,NA,NA,NA,,,NA,38
c.1168_1176del,SLC6A1,3,11070510,1168,T,NA,,,,,,11070510,T,NA,INDEL,,p.Leu390Leu392del,de novo,,NA,SLC6A1-Connect,SLC6A1-Connect,Yes,3,No,,Yes,30,No,No,No,No,Yes,No,No,Unclassified General,Unclassified epilepsy,Severe DD/ID,Severe DD/ID,,No,No,Yes,No,No,No,,,Rare bifrontal spike-and-slow-waves and Rare intermittent background theta/delta slowing ,85
c.752T>C,SLC6A1,3,11067172,752,T,C,NA,NA,NA,NA,NA,11067172,T,C,Missense,,p.Leu251Pro,de novo,,NA,SLC6A1-Connect,SLC6A1-Connect,Yes,21,NA,,No,NA,NA,NA,NA,NA,NA,NA,NA,No seizures,No seizures,NA,NA,,NA,NA,NA,NA,NA,NA,,,NA,2
c.640_658del,SLC6A1,3,11064080,640,C,NA,,,,,,11064080,C,NA,PTV,,p.Leu214Serfs*32,unknown,,NA,"Truty et al, 2019","Truty et al, 2019",Yes,NA,NA,,Yes,NA,NA,NA,NA,NA,NA,NA,NA,Unavailable,NA,NA,NA,,NA,NA,NA,NA,NA,NA,,,NA,101
c.640_658delCTGGCCATCACGCTGGCCA,SLC6A1,3,,640,C,NA,,,,,,,C,NA,,,p.Leu214fs*,,,,,Filadelfia Genetics,No,,NA,,,,,,,,,,,,,,,,,,,,,,498,,,152
c.1057A>G,SLC6A1,3,11068024,1057,A,G,,,,,,11068024,A,G,Missense,,p.Ile353Val,unknown,,NA,"Epi25 Collaborative, 2019","Epi25 Collaborative, 2019",Yes,NA,NA,,Yes,NA,NA,NA,NA,NA,NA,NA,NA,GGE,GGE,NA,NA,,NA,NA,No,NA,NA,NA,,,NA,37
c.966C>G,SLC6A1,3,11067933,966,C,G,,,,,,11067933,C,G,Missense,,p.Ile322Met,unknown,,NA,"Epi25 Collaborative, 2019","Epi25 Collaborative, 2019",Yes,NA,NA,,Yes,NA,NA,NA,NA,NA,NA,NA,NA,NAFE,NAFE,NA,NA,,NA,NA,No,NA,NA,NA,,,NA,9
c.330del,SLC6A1,3,11059620,330,C,NA,,,,,,11059620,C,NA,PTV,,p.Ile110Metfs*4,de novo,,Female,SLC6A1-Connect,SLC6A1-Connect,Yes,17,No,,No,NA,No,No,No,No,No,No,No,No seizures,No seizures,Severe DD/ID,Severe DD/ID,,No,No,Yes,No,No,No,,,NA,112
c.939C>A,SLC6A1,3,11067548,939,C,A,,,,,,11067548,C,A,Missense,,p.His313Gln,unknown,,NA,"Epi25 Collaborative, 2019","Epi25 Collaborative, 2019",Yes,NA,NA,,Yes,NA,NA,NA,NA,NA,NA,NA,NA,NAFE,NAFE,NA,NA,,NA,NA,No,NA,NA,NA,,,NA,10
c.593A>C,SLC6A1,3,11064033,593,A,C,,,,,,11064033,A,C,Missense,,p.His198Pro,unknown,,Male,"Satterstorm et al, 2018","Satterstorm et al, 2018",Yes,NA,NA,,NA,NA,NA,NA,NA,NA,NA,NA,NA,Unavailable,NA,NA,NA,,NA,NA,Yes,NA,NA,NA,,,NA,39
c.593A>G,SLC6A1,3,11064033,593,A,G,,,,,,11064033,A,G,Missense,,p.His198Arg,unknown,,NA,"Epi25 Collaborative, 2019","Epi25 Collaborative, 2019",Yes,NA,NA,,Yes,NA,NA,NA,NA,NA,NA,NA,NA,GGE,GGE,NA,NA,,NA,NA,No,NA,NA,NA,,,NA,17
c.236G>T,SLC6A1,3,11059133,236,G,T,,,,,,11059133,G,T,Missense,,p.Gly79Val,unknown,,NA,SLC6A1-Connect,SLC6A1-Connect,Yes,26,No,,Yes,NA,No,No,No,No,Yes,Yes,NA,EMAS,EMAS,NA,NA,,No,No,No,No,No,No,,,Generalized spike-and-slow-waves and Generalized intermittent slowing ,84
c.223G>A,SLC6A1,3,11059120,223,G,A,,,,,,11059120,G,A,Missense,,p.Gly75Arg,unknown,,NA,"Epi25 Collaborative, 2019","Epi25 Collaborative, 2019",Yes,NA,NA,,Yes,NA,NA,NA,NA,NA,NA,NA,NA,GGE,GGE,NA,NA,,NA,NA,No,NA,NA,NA,,,NA,24
c.223G>A,SLC6A1,3,11059120,223,G,A,,,,,,11059120,G,A,Missense,,p.Gly75Arg,de novo,,Male,"Johanensen et al, 2018","Johanensen et al, 2018",Yes,13,Yes,,Yes,48,No,No,No,No,No,No,Yes,Unclassified General,Unclassified epilepsy,Mild DD/ID,Mild DD/ID,,No,No,No,No,No,Yes,,,Generalized atypical spike-and-slow-wave,47
c.223G>A,SLC6A1,3,11059120,223,G,A,,,,,,11059120,G,A,Missense,,p.Gly75Arg,unknown,,NA,"Truty et al, 2019","Truty et al, 2019",Yes,NA,NA,,Yes,NA,NA,NA,NA,NA,NA,NA,NA,Unavailable,NA,NA,NA,,NA,NA,NA,NA,NA,NA,,,NA,100
c.223G>A,SLC6A1,3,,223,G,A,,,,,,,G,A,,,p.Gly75Arg,de novo,,male,,Filadelfia Genetics,No,,No,None,Yes,5,,,,,,,,MAE,EMAS,Mild ID,Mild DD/ID,,,,,No,,,480,Pathogenic,,145
c.1648G>A,SLC6A1,3,11076337,1648,G,A,,,,,,11076337,G,A,Missense,,p.Gly550Arg,unknown,,Male,"Satterstorm et al, 2018","Satterstorm et al, 2018",Yes,NA,NA,,Yes,NA,NA,NA,NA,NA,NA,NA,NA,Unavailable,NA,NA,NA,,NA,NA,Yes,NA,NA,NA,,,NA,45
c.1597G>C,SLC6A1,3,,1597,G,C,,,,,,,G,C,,,p.Gly533Arg,de novo,Unknown,female,,Filadelfia Genetics,No,,NA,,Yes,,,,,,,,,,,,,,,,,,,,296,,,134
c.1369_1370 delGG,SLC6A1,3,11072908,1369,G,NA,,,,,,11072908,G,NA,PTV,,p.Gly457HisFsTer10,de novo,,Male,"Johanensen et al, 2018","Johanensen et al, 2018",Yes,12,NA,,Yes,36,No,No,No,No,Yes,Yes,Yes,EMAS,EMAS,Mild DD/ID,Mild DD/ID,,No,No,No,No,No,Yes,,,"Initial: Generalized (poly) spike-and-slow-waves, Centrotemporal spike-and-slow-waves; Follow-up: normal ",73
c.1325G>T,SLC6A1,3,,1325,G,T,,,,,,,G,T,,,p.Gly442Val,de novo,,male,,Filadelfia Genetics,No,,NA,,Yes,48,,,,,,,,,,Moderate ID,Moderate DD/ID,,,,,,,,481,,,146
c.1084G>A,SLC6A1,3,11070426,1084,G,A,,,,,,11070426,G,A,Missense,,p.Gly362Arg,unknown,,NA,"Epi25 Collaborative, 2019","Epi25 Collaborative, 2019",Yes,NA,NA,,Yes,NA,NA,NA,NA,NA,NA,NA,NA,GGE,GGE,NA,NA,,NA,NA,No,NA,NA,NA,,,NA,35
c.1084G>A,SLC6A1,3,11070426,1084,G,A,,,,,,11070426,G,A,Missense,,p.Gly362Arg,unknown,,Female,"Johanensen et al, 2018","Johanensen et al, 2018",Yes,21,NA,,Yes,84,No,Yes,Yes,No,No,No,No,TLE,TLE,Moderate DD/ID,Moderate DD/ID,,No,No,No,NA,NA,No,,,Frontotemporal spike-and-slow-waves and Generalized 3-4-Hz spike-and-slow-waves,69
c.1084G>A,SLC6A1,3,11070426,1084,G,A,,,,,,11070426,G,A,Missense,,p.Gly362Arg,inherited,,Male,"Johanensen et al, 2018","Johanensen et al, 2018",Yes,NA,No,,Yes,12,No,No,Yes,No,Yes,No,Yes,LGS,LGS,Moderate DD/ID,Moderate DD/ID,,No,No,No,NA,NA,No,,,Background slowing and Genearlized 2-Hz (poly) spike-and-slow-waves  ,70
c.1084G>A,SLC6A1,3,,1084,G,A,,,,,,,G,A,,,p.Gly362Arg,,,,,Filadelfia Genetics,No,,NA,,,,,,,,,,,,,,,,,,,,,,500,,,154
c.1078G>A,SLC6A1,3,11068045,1078,G,A,,,,,,11068045,G,A,Missense,,p.Gly360Ser,unknown,,Female,"Satterstorm et al, 2018","Satterstorm et al, 2018",Yes,NA,NA,,Yes,NA,NA,NA,NA,NA,NA,NA,NA,Unavailable,NA,NA,NA,,NA,NA,Yes,NA,NA,NA,,,NA,44
c.919G>A,SLC6A1,3,11067528,919,G,A,,,,,,11067528,G,A,Missense,,p.Gly307Arg,unknown,,Female,"Satterstorm et al, 2018","Satterstorm et al, 2018",Yes,NA,NA,,Yes,NA,NA,NA,NA,NA,NA,NA,NA,Unavailable,NA,NA,NA,,NA,NA,Yes,NA,NA,NA,,,NA,42
NA,SLC6A1,3,,,NA,NA,,,,,,,NA,NA,,,p.Gly307Arg,unknown,Unknown,male,,Filadelfia Genetics,No,,No,None,No,,,,,,,,,,,Mild ID,Mild DD/ID,Mild ID,,,,,,,301,Pathogenic,,135
c.919G>A,SLC6A1,3,,919,G,A,,,,,,,G,A,,,p.Gly307Arg,,,,,Filadelfia Genetics,No,,NA,,,,,,,,,,,,,,,,,,,,,,499,,,153
c.896G>T,SLC6A1,3,11067505,896,G,T,,,,,,11067505,G,T,Missense,,p.Gly299Val,unknown,,Female,"Satterstorm et al, 2018","Satterstorm et al, 2018",Yes,NA,NA,,NA,NA,NA,NA,NA,NA,NA,NA,NA,Unavailable,NA,NA,NA,,NA,NA,Yes,NA,NA,NA,,,NA,41
c.890G>A,SLC6A1,3,,890,G,A,,,,,,,G,A,,,p.Gly297Glu,unknown,Unknown,,,Filadelfia Genetics,No,,No,None,Yes,36,,,,,,,,,,Mild ID,Mild DD/ID,,,,,No,,,413,,,140
c.889G>A,SLC6A1,3,11067498,889,G,A,,,,,,11067498,G,A,Missense,,p.Gly297Arg,unknown,,NA,"Epi25 Collaborative, 2019","Epi25 Collaborative, 2019",Yes,NA,NA,,Yes,NA,NA,NA,NA,NA,NA,NA,NA,DEE,DEE,NA,NA,,NA,NA,No,NA,NA,NA,,,NA,11
c.889G>A,SLC6A1,3,,889,G,A,,,,,,,G,A,,,p.Gly297Arg,,,,,Filadelfia Genetics,No,,NA,,,,,,,,,,,,,,,,,,,,,,496,,,150
c.889G>A,SLC6A1,3,,889,G,A,,,,,,,G,A,,,p.Gly297Arg,,,,,Filadelfia Genetics,No,,NA,,,,,,,,,,,,,,,,,,,,,,497,,,151
c.889G>A,SLC6A1,3,,889,G,A,,,,,,,G,A,,,p.Gly297Arg,,,,,Filadelfia Genetics,No,,NA,,,,,,,,,,,,,,,,,,,,,,501,,,155
c.695G>T,SLC6A1,3,11064135,695,G,T,,,,,,11064135,G,T,Missense,,p.Gly232Val,de novo,,Male,"Johanensen et al, 2018","Johanensen et al, 2018",Yes,10,No,,Yes,24,No,No,No,No,No,No,Yes,EMAS,EMAS,Mild DD/ID,Mild DD/ID,,No,No,No,No,No,No,,,Centrotemporal spike-and-slow-wave ,51
c.695G>T,SLC6A1,3,11064135,695,G,T,,,,,,11064135,G,T,Missense,,p.Gly232Val,inherited,,Male,"Johanensen et al, 2018","Johanensen et al, 2018",Yes,17,Yes,,Yes,12,No,No,No,No,Yes,No,Yes,EMAS,EMAS,Moderate DD/ID,Moderate DD/ID,,No,No,No,No,No,Yes,,,Background slowing and Generalized 3-Hz spike-and-slow-wave ,52
c.695G>T,SLC6A1,3,11064135,695,G,T,,,,,,11064135,G,T,Missense,,p.Gly232Val,inherited,,Female,"Johanensen et al, 2018","Johanensen et al, 2018",Yes,10,Yes,,Yes,13,No,No,No,No,Yes,No,Yes,EMAS,EMAS,Mild DD/ID,Mild DD/ID,,No,No,No,No,No,No,,,Background slowing and Generalized (poly)spike-and-slow-wave ,53
c.695G>T,SLC6A1,3,11064135,695,G,T,,,,,,11064135,G,T,Missense,,p.Gly232Val,unknown,,Female,"Johanensen et al, 2018","Johanensen et al, 2018",Yes,NA,Yes,,NA,NA,No,No,No,No,No,No,No,Unavailable,NA,Learning disability,Learning disability,,No,No,No,NA,NA,NA,,,NA,54
c.31G>A,SLC6A1,3,,31,G,A,,,,,,,G,A,,,p.Gly11Arg,de novo,,male,,Filadelfia Genetics,No,,No,None,No,,,,,,,,,,,Moderate ID,Moderate DD/ID,Moderate ID,,,,No,,,157,Likely pathogenic,,128
c.340G>A,SLC6A1,3,,340,G,A,,,,,,,G,A,,,p.Gly114Arg,unknown,Unknown,female,,Filadelfia Genetics,No,,Yes,"Sister with similar phenotype, adopted, birth parents: Intellectual disability. Has an addiitonal 3 siblings, all with the same phenotype, adopted by different family, currently persuing genetic testing.",No,,,,,,,,,,,Mild ID,Mild DD/ID,Mild ID,,,,Yes,,,276,VUS,,131
c.332G>A,SLC6A1,3,11059622,332,G,A,,,,,,11059622,G,A,Missense,,p.Gly111Glu,unknown,,NA,"Epi25 Collaborative, 2019","Epi25 Collaborative, 2019",Yes,NA,NA,,Yes,NA,NA,NA,NA,NA,NA,NA,NA,GGE,GGE,NA,NA,,NA,NA,No,NA,NA,NA,,,NA,22
c.331G>C,SLC6A1,3,11059621,331,G,C,,,,,,11059621,G,C,Missense,,p.Gly111Arg,unknown,,NA,"Epi25 Collaborative, 2019","Epi25 Collaborative, 2019",Yes,NA,NA,,Yes,NA,NA,NA,NA,NA,NA,NA,NA,DEE,DEE,NA,NA,,NA,NA,No,NA,NA,NA,,,NA,23
c.331G>A,SLC6A1,3,11059621,331,G,A,,,,,,11059621,G,A,Missense,,p.Gly111Arg,de novo,,NA,SLC6A1-Connect,SLC6A1-Connect,Yes,2,NA,,No,NA,No,No,No,No,No,No,No,No seizures,No seizures,NA,NA,,No,No,No,No,Yes,No,,,Normal,81
c.1723G>A,SLC6A1,3,11078575,1723,G,A,,,,,,11078575,G,A,Missense,,p.Glu575Lys,unknown,,NA,"Epi25 Collaborative, 2019","Epi25 Collaborative, 2019",Yes,NA,NA,,Yes,NA,NA,NA,NA,NA,NA,NA,NA,NAFE,NAFE,NA,NA,,NA,NA,No,NA,NA,NA,,,NA,25
c.55G>C,SLC6A1,3,11058952,55,G,C,,,,,,11058952,G,C,Missense,,p.Glu19Gln,unknown,,NA,"Epi25 Collaborative, 2019","Epi25 Collaborative, 2019",Yes,NA,NA,,Yes,NA,NA,NA,NA,NA,NA,NA,NA,GGE,GGE,NA,NA,,NA,NA,No,NA,NA,NA,,,NA,20
c.302A>G,SLC6A1,3,11059592,302,A,G,NA,NA,NA,NA,NA,11059592,A,G,Missense,,p.Glu101Gly,unknown,,NA,SLC6A1-Connect,SLC6A1-Connect,Yes,3.5,No,,NA,30,No,No,No,No,Yes,No,Yes,Unavailable,NA,Mild DD/ID,Mild DD/ID,,No,No,Yes,NA,NA,NA,,,NA,4
c.1600C>T,SLC6A1,3,11076289,1600,C,T,,,,,,11076289,C,T,PTV,,p.Gln534Ter,de novo,,Female,"Johanensen et al, 2018","Johanensen et al, 2018",Yes,5,No,,Yes,24,No,No,No,Yes,Yes,Yes,Yes,EMAS,EMAS,Mild DD/ID,Mild DD/ID,,Yes,No,No,Yes,No,Yes,,,"Background slowing, Bioccipital delta slowing, Generalized spike-and-slow-waves",76
c.317A>G,SLC6A1,3,11059607,317,A,G,NA,NA,NA,NA,NA,11059607,A,G,Missense,,p.Gln106Arg,unknown,,NA,SLC6A1-Connect,SLC6A1-Connect,Yes,9,Yes,,NA,NA,NA,NA,NA,NA,NA,NA,NA,Unavailable,NA,Moderate DD/ID,Moderate DD/ID,,No,Yes,No,No,Yes,No,,,NA,5
c.1477T>C,SLC6A1,3,11075375,1477,T,C,,,,,,11075375,T,C,Missense,,p.Cys493Arg,unknown,,NA,"Epi25 Collaborative, 2019","Epi25 Collaborative, 2019",Yes,NA,NA,,Yes,NA,NA,NA,NA,NA,NA,NA,NA,GGE,GGE,NA,NA,,NA,NA,No,NA,NA,NA,,,NA,30
c.987C>A,SLC6A1,3,11067954,987,C,A,,,,,,11067954,C,A,PTV,,p.Cys329Ter,de novo,,Female,"Johanensen et al, 2018","Johanensen et al, 2018",Yes,11,No,,Yes,66,NA,NA,NA,No,NA,NA,NA,EMAS,EMAS,Mild DD/ID,Mild DD/ID,,No,Yes,No,No,No,No,,,Background slowing and Generalized spike-and-slow-waves,59
 c.154G>A,SLC6A1,3,11059051,154,G,A,,,,,,11059051,G,A,Missense,,p.Asp52Asn,de novo,,NA,SLC6A1-Connect,SLC6A1-Connect,Yes,10,No,,Yes,48,No,No,No,No,No,No,Yes,Unclassified General,Unclassified epilepsy,Mild DD/ID,Mild DD/ID,,NA,NA,NA,No,No,No,,,"Bifrontal 3-Hz spike-and-slow-waves

",7
c.1353C>G,SLC6A1,3,,1353,C,G,,,,,,,C,G,,,p.Asp451Glu,maternal,Unknown,female,,Filadelfia Genetics,No,,Yes,Two siblings with similar phenotype. Mother with ID and seizures,Yes,,,,,,,,,,,Moderate ID,Moderate DD/ID,,,,,,,,277,,,132
c.1697G>A,SLC6A1,3,11078549,1697,G,A,,,,,,11078549,G,A,Missense,,p.Arg566His,inherited,,Male,"Posar et al, 2019","Posar et al, 2019",Yes,8,No,,Yes,144,No,No,No,Yes,No,No,Yes,Unclassified General,Unclassified epilepsy,Learning disability,Learning disability,,NA,NA,No,NA,NA,NA,,,Generalized (bifrontal predominant) 3.5-Hz (poly) spike-and-slow-waves ,92
c.1435C>T,SLC6A1,3,11075333,1435,C,T,,,,,,11075333,C,T,PTV,,p.Arg479Ter,unknown,,NA,"Truty et al, 2019","Truty et al, 2019",Yes,NA,NA,,Yes,NA,NA,NA,NA,NA,NA,NA,NA,Unavailable,NA,NA,NA,,NA,NA,NA,NA,NA,NA,,,NA,99
c.130C>T,SLC6A1,3,11059027,130,C,T,,,,,,11059027,C,T,Missense,,p.Arg44Trp,unknown,,Male,"Kim et al, 2019","Kim et al, 2019",Yes,9.3,Yes,,NA,28,No,No,No,NA,No,No,Yes,Unclassified General,Unclassified epilepsy,Learning disability,Learning disability,,NA,NA,No,NA,NA,NA,,,Generalized spike-and-slow-waves  ,90
c.131G>A,SLC6A1,3,11059028,131,G,A,,,,,,11059028,G,A,Missense,,p.Arg44Gln,de novo,,NA,SLC6A1-Connect,SLC6A1-Connect,Yes,4,NA,,NA,NA,NA,NA,NA,NA,NA,NA,NA,Unavailable,NA,NA,NA,,NA,NA,Yes,NA,NA,NA,,,Rare occipital rhytmic delta slowing,82
c.1255C>T,SLC6A1,3,11070970,1255,C,T,,,,,,11070970,C,T,Missense,,p.Arg419Cys,unknown,,NA,"Epi25 Collaborative, 2019","Epi25 Collaborative, 2019",Yes,NA,NA,,Yes,NA,NA,NA,NA,NA,NA,NA,NA,GGE,GGE,NA,NA,,NA,NA,No,NA,NA,NA,,,NA,33
c.1255del,SLC6A1,3,11070970,1255,C,NA,,,,,,11070970,C,NA,PTV,,p.Arg419Alafs*15,unknown,,NA,"Truty et al, 2019","Truty et al, 2019",Yes,NA,NA,,Yes,NA,NA,NA,NA,NA,NA,NA,NA,Unavailable,NA,NA,NA,,NA,NA,NA,NA,NA,NA,,,NA,98
c.631C>T,SLC6A1,3,11064071,631,C,T,,,,,,11064071,C,T,Missense,,p.Arg211Cys,de novo,,NA,"Rees et al, 2020","Rees et al, 2020",Yes,-,Yes,,No,NA,No,No,No,No,No,No,No,No seizures,No seizures,Normal,Normal,,No,No,No,No,No,No,,,NA,115
c.583C>A,SLC6A1,3,11064023,583,C,A,,,,,,11064023,C,A,Missense,,p.Arg195Ser,unknown,,NA,"Epi25 Collaborative, 2019","Epi25 Collaborative, 2019",Yes,NA,NA,,Yes,NA,NA,NA,NA,NA,NA,NA,NA,GGE,GGE,NA,NA,,NA,NA,No,NA,NA,NA,,,NA,19
c.584G>A,SLC6A1,3,11064024,584,G,A,,,,,,11064024,G,A,Missense,,p.Arg195His,unknown,,NA,"Epi25 Collaborative, 2019","Epi25 Collaborative, 2019",Yes,NA,NA,,Yes,NA,NA,NA,NA,NA,NA,NA,NA,NAFE,NAFE,NA,NA,,NA,NA,No,NA,NA,NA,,,NA,18
c.277G>A,SLC6A1,3,11059567,277,G,A,,,,,,11059567,G,A,Missense,,p.Ala93Thr,de novo,,Female,"Rees et al, 2020","Rees et al, 2020",Yes,-,Yes,,NA,NA,No,No,No,No,No,No,No,Unavailable,NA,Normal,Normal,,No,No,No,No,No,No,,,NA,114
c.913 G>A,SLC6A1,3,,913,G,A,,,,,,,G,A,,,p.Ala503Thr,unknown,Unknown,female,,Filadelfia Genetics,No,,NA,,Yes,14,,,,,,,,,,,,,,,,,,,397,,,136
c.1070C>T,SLC6A1,3,11068037,1070,C,T,,,,,,11068037,C,T,Missense,,p.Ala357Val,unknown,,NA,"Epi25 Collaborative, 2019","Epi25 Collaborative, 2019",Yes,NA,NA,,Yes,NA,NA,NA,NA,NA,NA,NA,NA,GGE,GGE,NA,NA,,NA,NA,No,NA,NA,NA,,,NA,36
c.1070C>T,SLC6A1,3,11068037,1070,C,T,,,,,,11068037,C,T,Missense,,p.Ala357Val,de novo,,Female,"Johanensen et al, 2018","Johanensen et al, 2018",Yes,9,No,,Yes,11,No,No,No,No,Yes,No,Yes,EMAS,EMAS,Mild DD/ID,Mild DD/ID,,No,No,No,No,No,Yes,,,"Generalized delta slowing, Generalized spike-and-slow-waves, Left Occipital spikes-and-slow-waves, Left Centrotemporal spike-and-slow-waves  ",68
c.1070C>T,SLC6A1,3,11068037,1070,C,T,,,,,,11068037,C,T,Missense,,p.Ala357Val,de novo,,Female,"Kim et al, 2019","Kim et al, 2019",Yes,11.6,NA,,Yes,23,No,No,Yes,NA,Yes,Yes,Yes,EOAE,CAE,Developmental delay,Unclassified DD,,NA,NA,No,NA,NA,NA,,,"Generalized delta slowing, Generalized spike-and-slow-waves, Focal spike-and-slow-waves  ",89
c.1070C>T,SLC6A1,3,11068037,1070,C,T,,,,,,11068037,C,T,Missense,,p.Ala357Val,unknown,,NA,"Truty et al, 2019","Truty et al, 2019",Yes,NA,NA,,Yes,NA,NA,NA,NA,NA,NA,NA,NA,Unavailable,NA,NA,NA,,NA,NA,NA,NA,NA,NA,,,NA,97
c.1070C>T,SLC6A1,3,,1070,C,T,,,,,,,C,T,,,p.Ala357Val,paternal,Unknown,male,,Filadelfia Genetics,No,,Yes,"Affected father with movement disorder, epilepsy and mild ID",Yes,23,,,,,,,,,,Mild ID,Mild DD/ID,,,,,No,,,275,Pathogenic,,130
c.1000G>A,SLC6A1,3,,1000,G,A,,,,,,,G,A,,,p.Ala334Thr,paternal,Unknown,female,,Filadelfia Genetics,No,,Yes,"The same variant was also identified in the father, who never had seizures, but is described as having autistic traits. •       The same variant was subsequently identified in the full brother of the proband, who has learning difficulty (special school) but again never had seizures. He also has cerebral palsy attributed to neonatal stroke. •       Lastly, the variant was found in the full sister of the proband, who has emerging concerns about educational attainment and social communication, but never had seizures",Yes,24,,,,,,,,,,,,,,,,,,,411,,,138
c.913G>A,SLC6A1,3,,913,G,A,,,,,,,G,A,,,p.Ala305Thr,de novo,,female,,Filadelfia Genetics,No,,No,None,Yes,14,,,,,,,,,,Moderate ID,Moderate DD/ID,,,,,No,,,422,,,142
c.913G>C,SLC6A1,3,11067522,913,G,C,,,,,,11067522,G,C,Missense,,p.Ala305Pro,de novo,,Male,"Kim et al, 2019","Kim et al, 2019",Yes,8.3,NA,,NA,15,No,No,No,NA,No,No,Yes,Unclassified General,Unclassified epilepsy,Developmental delay,Unclassified DD,,NA,NA,No,NA,NA,NA,,,Generalized spike-and-slow-waves and Focal spike-and-slow-waves  ,88
"c.6,1528-1G>C",SLC6A1,3,11058903,1528,G,C,,,,,,11058903,G,C,Synonymous,,p.Ala2Ala,de novo,,Female,"Johanensen et al, 2018","Johanensen et al, 2018",Yes,12,Yes,,Yes,72,No,No,No,No,No,No,Yes,CAE,CAE,Mild DD/ID,Mild DD/ID,,NA,NA,NA,Yes,No,No,,,Rare bifrontal 3-Hz spike-and-slow-waves ,78
c.863C>T,SLC6A1,3,11067472,863,C,T,,,,,,11067472,C,T,Missense,,p.Ala288Val,unknown,,NA,"Epi25 Collaborative, 2019","Epi25 Collaborative, 2019",Yes,NA,NA,,Yes,NA,NA,NA,NA,NA,NA,NA,NA,DEE,DEE,NA,NA,,NA,NA,No,NA,NA,NA,,,NA,12
c.863C>T,SLC6A1,3,11067472,863,C,T,,,,,,11067472,C,T,Missense,,p.Ala288Val,unknown,,Male,"Satterstorm et al, 2018","Satterstorm et al, 2018",Yes,NA,NA,,Yes,NA,NA,NA,NA,NA,NA,NA,NA,Unavailable,NA,NA,NA,,NA,NA,Yes,NA,NA,NA,,,NA,40
c.863C>T,SLC6A1,3,11067472,863,C,T,,,,,,11067472,C,T,Missense,,p.Ala288Val,de novo,,Male,"Johanensen et al, 2018","Johanensen et al, 2018",Yes,8,No,,Yes,22,No,No,No,No,Yes,Yes,Yes,EMAS,EMAS,Mild DD/ID,Mild DD/ID,,No,No,No,No,No,No,,,Generalized 3-Hz spike-and-slow-wave ,56
c.863C>T,SLC6A1,3,11067472,863,C,T,,,,,,11067472,C,T,Missense,,p.Ala288Val,unknown,,Female,"Johanensen et al, 2018","Johanensen et al, 2018",Yes,7,Yes,,Yes,60,No,Yes,No,No,No,No,Yes,Unclassified General,Unclassified epilepsy,Moderate DD/ID,Moderate DD/ID,,No,Yes,Yes,No,No,No,,,Centrotemporal spike-and-slow-wave and Generalized spike-and-slow-wave,57
c.863C>T,SLC6A1,3,11067472,863,C,T,,,,,,11067472,C,T,Missense,,p.Ala288Val,unknown,,Male,SLC6A1-Connect,SLC6A1-Connect,Yes,2,NA,,NA,NA,NA,NA,NA,NA,NA,NA,NA,Unavailable,NA,NA,NA,,NA,NA,NA,NA,NA,NA,,,NA,93
c.863C>T,SLC6A1,3,11067472,863,C,T,,,,,,11067472,C,T,Missense,,p.Ala288Val,unknown,,Female,SLC6A1-Connect,SLC6A1-Connect,Yes,7,NA,,NA,NA,NA,NA,NA,NA,NA,NA,NA,Unavailable,NA,NA,NA,,NA,NA,NA,NA,NA,NA,,,NA,94
c.863C>T,SLC6A1,3,11067472,863,C,T,,,,,,11067472,C,T,Missense,,p.Ala288Val,unknown,,NA,"Truty et al, 2019","Truty et al, 2019",Yes,NA,NA,,Yes,NA,NA,NA,NA,NA,NA,NA,NA,Unavailable,NA,NA,NA,,NA,NA,NA,NA,NA,NA,,,NA,96
c.863C>T,SLC6A1,3,,863,C,T,,,,,,,C,T,,,p.Ala288Val,de novo,Unknown,male,,Filadelfia Genetics,No,,Yes,extensive maternal family history of mental health issues including depression durg addiction schizophrenia and suicidality,No,,,,,,,,,,,Mild ID,Mild DD/ID,Mild ID,,,,No,,,476,Pathogenic,,144
c.863C>T,SLC6A1,3,,863,C,T,,,,,,,C,T,,,p.Ala288Val,de novo,Unknown,female,,Filadelfia Genetics,No,,Yes,Dads cousin with epilepsy in childhood.,Yes,60,,,,,,,,,,Mild ID,Mild DD/ID,,,,,No,,,505,Pathogenic,,159
c.1191+1G>T,SLC6A1,3,11070534,1191,G,T,,,,,,11070534,G,T,Splice,,NA,unknown,,NA,"Epi25 Collaborative, 2019","Epi25 Collaborative, 2019",Yes,NA,NA,,Yes,NA,NA,NA,NA,NA,NA,NA,NA,GGE,GGE,NA,NA,,NA,NA,No,NA,NA,NA,,,NA,34
c.850-2A>G,SLC6A1,3,11067457,850,A,G,,,,,,11067457,A,G,Splice,,NA,de novo,,Female,"Johanensen et al, 2018","Johanensen et al, 2018",Yes,4,NA,,Yes,16,No,No,No,No,Yes,Yes,Yes,EMAS,EMAS,Mild DD/ID,Mild DD/ID,,NA,NA,NA,No,No,No,,,Generalized delta slowin and Generalized (posterior predominant) spike-and-slow-waves ,77
NA,SLC6A1,3,3p25.3 partial deletion,NA,NA,NA,,,,,,3p25.3 partial deletion,NA,NA,CNV,,NA,de novo,,Female,"Johanensen et al, 2018","Johanensen et al, 2018",Yes,7,No,,Yes,36,No,No,No,No,Yes,Yes,Yes,EMAS,EMAS,Mild DD/ID,Mild DD/ID,,No,No,No,No,No,No,,,Background slowing and Generalized delta slowing and spike-and-slow-waves  ,79
NA,SLC6A1,3,3p25.3 partial deletion,NA,NA,NA,,,,,,3p25.3 partial deletion,NA,NA,CNV,,NA,unknown,,NA,SLC6A1-Connect,SLC6A1-Connect,Yes,4,No,,No,NA,NA,NA,NA,NA,NA,NA,NA,No seizures,No seizures,NA,NA,,No,No,No,No,No,No,,,"Normal
2018: mild slowing, occasional bursts of generalized activity, no epilepsy, severe non-ictal starring events",80
c.1323+1G>A,SLC6A1,3,11071039,1323,G,A,,,,,,11071039,G,A,Splice,,NA,unknown,,Female,"Kim et al, 2019","Kim et al, 2019",Yes,7.7,Yes,,Yes,41,No,No,Yes,NA,No,No,Yes,EOAE,CAE,Developmental delay,Unclassified DD,,Yes,NA,No,NA,NA,NA,,,Generalized 2.5-3-Hz spike-and-slow-waves,86
c.850-1G>T,SLC6A1,3,11067458,850,G,T,,,,,,11067458,G,T,Splice,,NA,unknown,,Male,"Kim et al, 2019","Kim et al, 2019",Yes,12.4,NA,,Yes,50,No,No,Yes,NA,No,No,Yes,EOAE,CAE,Normal,Normal,,NA,NA,No,NA,NA,NA,,,Semirhythmic Generalized 2.5-Hz spike-and-slow-waves,87
c.1427-1G>A,SLC6A1,3,11075324,1427,G,A,,,,,,11075324,G,A,Splice,,NA,unknown,,NA,"Truty et al, 2019","Truty et al, 2019",Yes,NA,NA,,Yes,NA,NA,NA,NA,NA,NA,NA,NA,Unavailable,NA,NA,NA,,NA,NA,NA,NA,NA,NA,,,NA,108
c.471+1G>T,SLC6A1,3,11060385,471,G,T,,,,,,11060385,G,T,Splice,,NA,unknown,,NA,"Truty et al, 2019","Truty et al, 2019",Yes,NA,NA,,Yes,NA,NA,NA,NA,NA,NA,NA,NA,Unavailable,NA,NA,NA,,NA,NA,NA,NA,NA,NA,,,NA,109
c.1427-9A>G,SLC6A1,3,11075316,1427,A,G,,,,,,11075316,A,G,Splice,,NA,de novo,,Male,SLC6A1-Connect,SLC6A1-Connect,Yes,1.6,No,,No,NA,No,NA,NA,NA,NA,NA,NA,No seizures ,No seizures ,Severe DD/ID,Severe DD/ID,,No,No,No,No,Yes,no,,,Normal,110
NA,SLC6A1,3,full deletion of SLC6A1,NA,NA,NA,,,,,,full deletion of SLC6A1,NA,NA,CNV,,NA,unknown,,Female,"Kim et al, 2019","Kim et al, 2019",Yes,6.8,NA,,NA,33,No,No,No,No,Yes,No,Yes,Unclassified general,Unclassified epilepsy,Developmental delay,Unclassified DD,,No,No,No,No,No,No,,,Bifrontal spike-and-slow-waves,113
c.1426+1G>A,SLC6A1,3,,1426,G,A,,,,,,,G,A,,,NA,unknown,Unknown,female,,Filadelfia Genetics,No,,Yes,"Biological mother in and out of institutions, not well functioning, ID to some degree",Yes,12,,,,,,,,,,Mild ID,Mild DD/ID,,,,,No,,,410,,,137
c.471+1G>T,SLC6A1,3,,471,G,T,,,,,,,G,T,,,NA,de novo,Unknown,male,,Filadelfia Genetics,No,,NA,,Yes,24,,,,,,,,,,Severe ID,Severe DD/ID,,,,,No,,,412,,,139
c.1528-2A>T,SLC6A1,3,,1528,A,T,,,,,,,A,T,,,NA,,,,,Filadelfia Genetics,No,,NA,,,,,,,,,,,,,,,,,,,,,,502,,,156
c.1427-1 0_1427-6delAATGT,SLC6A1,3,,1427,,,,,,,,,,,,,NA,maternal,Unknown,female,,Filadelfia Genetics,No,,Yes,"Sister with FS, mother healthy",Yes,,,,,,,,,,,Unknown,NA,,,,,,,,508,,,160
c.281G>A,SLC6A1,3,,281,G,A,,,,,,,G,A,,,,unknown,,Female,"Mattison et al, 2018","Mattison et al, 2018",Yes,,,,NA,,,,,,,,,NA,NA,NA,NA,,NA,,,,,,,,,117
c.703T>C,SLC6A1,3,,703,T,C,,,,,,,T,C,,,,unknown(adopted),,Female,"Mattison et al, 2018","Mattison et al, 2018",Yes,,,,Yes,,,,Yes,,,,Yes,Intractable absence epilepsy,Intractable absence epilepsy,Moderate ID,Moderate DD/ID,,NA,,Yes,,,,,,,118
c.809T>C,SLC6A1,3,,809,T,C,,,,,,,T,C,,,,de novo,,Male,"Johanensen et al, 2018","Johanensen et al, 2018",Yes,,,,Yes,,,,,Yes,Yes,,Yes,MAE; intractable primary generalized epilepsy,EMAS; intractable primary generalized epilepsy,Moderate ID,Moderate DD/ID,,Yes,Yes,,,Yes,,,,,119
c.815_817delTCA,SLC6A1,3,,815,?,?,,,,,,,?,?,,,,de novo,,Male,"Mattison et al, 2018","Mattison et al, 2018",Yes,,,,Yes,,,,Yes,,,,Yes,MAE; intractable primary generalized epilepsy,EMAS; intractable primary generalized epilepsy,Moderate ID,Moderate DD/ID,,,,,,,Yes,,,,120
c.850‐2A>G,SLC6A1,3,,850,A,G,,,,,,,A,G,,,,de novo,,Female,"Johanensen et al, 2018","Johanensen et al, 2018",Yes,,,,Yes,,,Yes,Yes,,,,,Generalized epilepsy,Generalized epilepsy,NA,NA,,,,Yes,Yes,,,,,,121
c.1334A>G,SLC6A1,3,,1334,A,G,,,,,,,A,G,,,,unknown,,Female,"Mattison et al, 2018","Mattison et al, 2018",Yes,,,,Yes,,,,,,,,,Generalized epilepsy,Generalized epilepsy,NA,NA,,,,,,,,,,,122
c.1487G>A,SLC6A1,3,,1487,G,A,,,,,,,G,A,,,,unknown,,Male,"Mattison et al, 2018","Mattison et al, 2018",Yes,,,,Yes,,,,,,,,Yes,Generalized epilepsy,Generalized epilepsy,NA,NA,,,,Yes,,Yes,,,,,123
c.1648G>A,SLC6A1,3,,1648,G,A,,,,,,,G,A,,,,unknown,,Male,"Mattison et al, 2018","Mattison et al, 2018",Yes,,,,Yes,,,,Yes,,,,Yes,Generalized epilepsy,Generalized epilepsy,NA,NA,,,,,,,,,,,124
c.913G>A,SLC6A1,3,,913,G,A,,,,,,,G,A,,,,,,male,,Filadelfia Genetics,No,,NA,,,,,,,,,,,,,,,,,,,Yes,,,482,,,147
c.889G>A,SLC6A1,3,,889,G,A,,,,,,,G,A,,,,,,male,,Filadelfia Genetics,No,,Yes,The sister has mild intellectual disability without seizures. The variant is inherited from their father diagnosed with bipolar disorder but with a normal functional life,Yes,,,,,,,,,,,Severe ID,Severe DD/ID,,,,,,,,485,,,148