Transcript,Gene,Chr,Genomic_pos,cDNA_pos,cDNA_ref,cDNA_alt,Transcript_pos,Direction,Allele,Codon_pos,Codon_ref,AA_pos,AA_ref,AA_alt,AA_alt_w_CNV,Vartype,Original_cDNA_change,Original_AA_change,Inheritance,Functional Consequence,Gender,Published_in,Cohort,Selection_prio,Age at Inclusion (years),Family History of Neurologic or Psychiatric disorders,X27,Epilepsy,Age at seizure onset (months),Non-Convulsive Status,Focal Sz,GTC,Eyelid Myoclonia,Atonic,Myoclonic,Absence or Atypical Absence,Epilepsy Syndrome Classification,Cognitive level before seizure onset,Cognitive Level AFTER Seizure Onset,Cognitive Impairment,ADHD,Aggression,Autistic traits,Movement Disorder,Hypotonia,Ataxia,record_ID,ACMG_classification,EEG
c.884C>T,SLC6A1,3,11067493,884,C,T,NA,NA,NA,NA,NA,295,S,L,L,Missense,NA,p.Ser295Leu,unknown,NA,NA,SLC6A1-Connect,SLC6A1-Connect,Yes,1.3,Yes,NA,No,NA,No,No,No,No,No,No,No,No Seizures,NA,NA,NA,No,No,No,No,Yes,No,NA,NA,Normal
c.752T>C,SLC6A1,3,11067172,752,T,C,NA,NA,NA,NA,NA,251,L,P,P,Missense,NA,p.Leu251Pro,de novo,NA,NA,SLC6A1-Connect,SLC6A1-Connect,Yes,21,NA,NA,No,NA,NA,NA,NA,NA,NA,NA,NA,No Seizures,NA,NA,NA,NA,NA,NA,NA,NA,NA,NA,NA,NA
c.302A>G,SLC6A1,3,11059592,302,A,G,NA,NA,NA,NA,NA,101,E,G,G,Missense,NA,p.Glu101Gly,unknown,NA,NA,SLC6A1-Connect,SLC6A1-Connect,Yes,3.5,No,NA,NA,30,No,No,No,No,Yes,No,Yes,NA,Normal,Mild DD/ID,NA,No,No,Yes,NA,NA,NA,NA,NA,NA
c.317A>G,SLC6A1,3,11059607,317,A,G,NA,NA,NA,NA,NA,106,Q,R,R,Missense,NA,p.Gln106Arg,unknown,NA,NA,SLC6A1-Connect,SLC6A1-Connect,Yes,9,Yes,NA,NA,NA,NA,NA,NA,NA,NA,NA,NA,NA,NA,Moderate DD/ID,NA,No,Yes,No,No,Yes,No,NA,NA,NA
c.283G>T,SLC6A1,3,11059573,283,G,T,NA,NA,NA,NA,NA,95,V,F,F,Missense,NA,p.Val95Phe,inherited,NA,NA,SLC6A1-Connect,SLC6A1-Connect,Yes,10,Yes,NA,Yes,15,No,Yes,No,No,No,No,No,NAFE,Mild DD/ID,Mild DD/ID,NA,Yes,No,No,No,Yes,No,NA,NA,"Initial: Normal, follow-up: Bioccipitopartial and Posterior-temporal 3-4 Hz spike-and-slow-waves"
c.154G>A,SLC6A1,3,11059051,154,G,A,NA,NA,NA,NA,NA,52,D,N,N,Missense,NA,p.Asp52Asn,de novo,NA,NA,SLC6A1-Connect,SLC6A1-Connect,Yes,10,No,NA,Yes,48,No,No,No,No,No,No,Yes,Unclassified General,Normal,Mild DD/ID,NA,NA,NA,NA,No,No,No,NA,NA,"Bifrontal 3-Hz spike-and-slow-waves

"
c.99G>T,SLC6A1,3,11058996,99,G,T,NA,NA,NA,NA,NA,33,K,N,N,Missense,NA,p.Lys33Asn,unknown,NA,NA,"Epi25 Collaborative, 2019","Epi25 Collaborative, 2019",Yes,NA,NA,NA,Yes,NA,NA,NA,NA,NA,NA,NA,NA,NAFE,NA,NA,NA,NA,NA,No,NA,NA,NA,NA,NA,NA
c.966C>G,SLC6A1,3,11067933,966,C,G,NA,NA,NA,NA,NA,322,I,M,M,Missense,NA,p.Ile322Met,unknown,NA,NA,"Epi25 Collaborative, 2019","Epi25 Collaborative, 2019",Yes,NA,NA,NA,Yes,NA,NA,NA,NA,NA,NA,NA,NA,NAFE,NA,NA,NA,NA,NA,No,NA,NA,NA,NA,NA,NA
c.939C>A,SLC6A1,3,11067548,939,C,A,NA,NA,NA,NA,NA,313,H,Q,Q,Missense,NA,p.His313Gln,unknown,NA,NA,"Epi25 Collaborative, 2019","Epi25 Collaborative, 2019",Yes,NA,NA,NA,Yes,NA,NA,NA,NA,NA,NA,NA,NA,NAFE,NA,NA,NA,NA,NA,No,NA,NA,NA,NA,NA,NA
c.889G>A,SLC6A1,3,11067498,889,G,A,NA,NA,NA,NA,NA,297,G,R,R,Missense,NA,p.Gly297Arg,unknown,NA,NA,"Epi25 Collaborative, 2019","Epi25 Collaborative, 2019",Yes,NA,NA,NA,Yes,NA,NA,NA,NA,NA,NA,NA,NA,DEE,NA,NA,NA,NA,NA,No,NA,NA,NA,NA,NA,NA
c.863C>T,SLC6A1,3,11067472,863,C,T,NA,NA,NA,NA,NA,288,A,V,V,Missense,NA,p.Ala288Val,unknown,NA,NA,"Epi25 Collaborative, 2019","Epi25 Collaborative, 2019",Yes,NA,NA,NA,Yes,NA,NA,NA,NA,NA,NA,NA,NA,DEE,NA,NA,NA,NA,NA,No,NA,NA,NA,NA,NA,NA
c.784C>T,SLC6A1,3,11067204,784,C,T,NA,NA,NA,NA,NA,262,P,S,S,Missense,NA,p.Pro262Ser,unknown,NA,NA,"Epi25 Collaborative, 2019","Epi25 Collaborative, 2019",Yes,NA,NA,NA,Yes,NA,NA,NA,NA,NA,NA,NA,NA,GGE,NA,NA,NA,NA,NA,No,NA,NA,NA,NA,NA,NA
c.724T>G,SLC6A1,3,11067144,724,T,G,NA,NA,NA,NA,NA,242,F,V,V,Missense,NA,p.Phe242Val,unknown,NA,NA,"Epi25 Collaborative, 2019","Epi25 Collaborative, 2019",Yes,NA,NA,NA,Yes,NA,NA,NA,NA,NA,NA,NA,NA,GGE,NA,NA,NA,NA,NA,No,NA,NA,NA,NA,NA,NA
c.724T>G,SLC6A1,3,11067144,724,T,G,NA,NA,NA,NA,NA,242,F,V,V,Missense,NA,p.Phe242Val,unknown,NA,NA,"Epi25 Collaborative, 2019","Epi25 Collaborative, 2019",Yes,NA,NA,NA,Yes,NA,NA,NA,NA,NA,NA,NA,NA,NAFE,NA,NA,NA,NA,NA,No,NA,NA,NA,NA,NA,NA
c.593A>G,SLC6A1,3,11064033,593,A,G,NA,NA,NA,NA,NA,198,H,R,R,Missense,NA,p.His198Arg,unknown,NA,NA,"Epi25 Collaborative, 2019","Epi25 Collaborative, 2019",Yes,NA,NA,NA,Yes,NA,NA,NA,NA,NA,NA,NA,NA,GGE,NA,NA,NA,NA,NA,No,NA,NA,NA,NA,NA,NA
c.584G>A,SLC6A1,3,11064024,584,G,A,NA,NA,NA,NA,NA,195,R,H,H,Missense,NA,p.Arg195His,unknown,NA,NA,"Epi25 Collaborative, 2019","Epi25 Collaborative, 2019",Yes,NA,NA,NA,Yes,NA,NA,NA,NA,NA,NA,NA,NA,NAFE,NA,NA,NA,NA,NA,No,NA,NA,NA,NA,NA,NA
c.583C>A,SLC6A1,3,11064023,583,C,A,NA,NA,NA,NA,NA,195,R,S,S,Missense,NA,p.Arg195Ser,unknown,NA,NA,"Epi25 Collaborative, 2019","Epi25 Collaborative, 2019",Yes,NA,NA,NA,Yes,NA,NA,NA,NA,NA,NA,NA,NA,GGE,NA,NA,NA,NA,NA,No,NA,NA,NA,NA,NA,NA
c.55G>C,SLC6A1,3,11058952,55,G,C,NA,NA,NA,NA,NA,19,E,Q,Q,Missense,NA,p.Glu19Gln,unknown,NA,NA,"Epi25 Collaborative, 2019","Epi25 Collaborative, 2019",Yes,NA,NA,NA,Yes,NA,NA,NA,NA,NA,NA,NA,NA,GGE,NA,NA,NA,NA,NA,No,NA,NA,NA,NA,NA,NA
c.415T>C,SLC6A1,3,11060328,415,T,C,NA,NA,NA,NA,NA,139,Y,H,H,Missense,NA,p.Tyr139His,unknown,NA,NA,"Epi25 Collaborative, 2019","Epi25 Collaborative, 2019",Yes,NA,NA,NA,Yes,NA,NA,NA,NA,NA,NA,NA,NA,GGE,NA,NA,NA,NA,NA,No,NA,NA,NA,NA,NA,NA
c.332G>A,SLC6A1,3,11059622,332,G,A,NA,NA,NA,NA,NA,111,G,E,E,Missense,NA,p.Gly111Glu,unknown,NA,NA,"Epi25 Collaborative, 2019","Epi25 Collaborative, 2019",Yes,NA,NA,NA,Yes,NA,NA,NA,NA,NA,NA,NA,NA,GGE,NA,NA,NA,NA,NA,No,NA,NA,NA,NA,NA,NA
c.331G>C,SLC6A1,3,11059621,331,G,C,NA,NA,NA,NA,NA,111,G,R,R,Missense,NA,p.Gly111Arg,unknown,NA,NA,"Epi25 Collaborative, 2019","Epi25 Collaborative, 2019",Yes,NA,NA,NA,Yes,NA,NA,NA,NA,NA,NA,NA,NA,DEE,NA,NA,NA,NA,NA,No,NA,NA,NA,NA,NA,NA
c.223G>A,SLC6A1,3,11059120,223,G,A,NA,NA,NA,NA,NA,75,G,R,R,Missense,NA,p.Gly75Arg,unknown,NA,NA,"Epi25 Collaborative, 2019","Epi25 Collaborative, 2019",Yes,NA,NA,NA,Yes,NA,NA,NA,NA,NA,NA,NA,NA,GGE,NA,NA,NA,NA,NA,No,NA,NA,NA,NA,NA,NA
c.1723G>A,SLC6A1,3,11078575,1723,G,A,NA,NA,NA,NA,NA,575,E,K,K,Missense,NA,p.Glu575Lys,unknown,NA,NA,"Epi25 Collaborative, 2019","Epi25 Collaborative, 2019",Yes,NA,NA,NA,Yes,NA,NA,NA,NA,NA,NA,NA,NA,NAFE,NA,NA,NA,NA,NA,No,NA,NA,NA,NA,NA,NA
c.1722C>G,SLC6A1,3,11078574,1722,C,G,NA,NA,NA,NA,NA,574,S,R,R,Missense,NA,p.Ser574Arg,unknown,NA,NA,"Epi25 Collaborative, 2019","Epi25 Collaborative, 2019",Yes,NA,NA,NA,Yes,NA,NA,NA,NA,NA,NA,NA,NA,NAFE,NA,NA,NA,NA,NA,No,NA,NA,NA,NA,NA,NA
c.1589C>T,SLC6A1,3,11076278,1589,C,T,NA,NA,NA,NA,NA,530,P,L,L,Missense,NA,p.Pro530Leu,unknown,NA,NA,"Epi25 Collaborative, 2019","Epi25 Collaborative, 2019",Yes,NA,NA,NA,Yes,NA,NA,NA,NA,NA,NA,NA,NA,GGE,NA,NA,NA,NA,NA,No,NA,NA,NA,NA,NA,NA
c.1579T>C,SLC6A1,3,11076268,1579,T,C,NA,NA,NA,NA,NA,527,Y,H,H,Missense,NA,p.Tyr527His,unknown,NA,NA,"Epi25 Collaborative, 2019","Epi25 Collaborative, 2019",Yes,NA,NA,NA,Yes,NA,NA,NA,NA,NA,NA,NA,NA,GGE,NA,NA,NA,NA,NA,No,NA,NA,NA,NA,NA,NA
c.1531G>A,SLC6A1,3,11076220,1531,G,A,NA,NA,NA,NA,NA,511,V,M,M,Missense,NA,p.Val511Met,unknown,NA,NA,"Epi25 Collaborative, 2019","Epi25 Collaborative, 2019",Yes,NA,NA,NA,Yes,NA,NA,NA,NA,NA,NA,NA,NA,GGE,NA,NA,NA,NA,NA,No,NA,NA,NA,NA,NA,NA
c.1477T>C,SLC6A1,3,11075375,1477,T,C,NA,NA,NA,NA,NA,493,C,R,R,Missense,NA,p.Cys493Arg,unknown,NA,NA,"Epi25 Collaborative, 2019","Epi25 Collaborative, 2019",Yes,NA,NA,NA,Yes,NA,NA,NA,NA,NA,NA,NA,NA,GGE,NA,NA,NA,NA,NA,No,NA,NA,NA,NA,NA,NA
c.1343A>G,SLC6A1,3,11072882,1343,A,G,NA,NA,NA,NA,NA,448,K,R,R,Missense,NA,p.Lys448Arg,unknown,NA,NA,"Epi25 Collaborative, 2019","Epi25 Collaborative, 2019",Yes,NA,NA,NA,Yes,NA,NA,NA,NA,NA,NA,NA,NA,GGE,NA,NA,NA,NA,NA,No,NA,NA,NA,NA,NA,NA
c.1337T>A,SLC6A1,3,11072876,1337,T,A,NA,NA,NA,NA,NA,446,V,D,D,Missense,NA,p.Val446Asp,unknown,NA,NA,"Epi25 Collaborative, 2019","Epi25 Collaborative, 2019",Yes,NA,NA,NA,Yes,NA,NA,NA,NA,NA,NA,NA,NA,GGE,NA,NA,NA,NA,NA,No,NA,NA,NA,NA,NA,NA
c.1255C>T,SLC6A1,3,11070970,1255,C,T,NA,NA,NA,NA,NA,419,R,C,C,Missense,NA,p.Arg419Cys,unknown,NA,NA,"Epi25 Collaborative, 2019","Epi25 Collaborative, 2019",Yes,NA,NA,NA,Yes,NA,NA,NA,NA,NA,NA,NA,NA,GGE,NA,NA,NA,NA,NA,No,NA,NA,NA,NA,NA,NA
c.1084G>A,SLC6A1,3,11070426,1084,G,A,NA,NA,NA,NA,NA,362,G,R,R,Missense,NA,p.Gly362Arg,unknown,NA,NA,"Epi25 Collaborative, 2019","Epi25 Collaborative, 2019",Yes,NA,NA,NA,Yes,NA,NA,NA,NA,NA,NA,NA,NA,GGE,NA,NA,NA,NA,NA,No,NA,NA,NA,NA,NA,NA
c.1070C>T,SLC6A1,3,11068037,1070,C,T,NA,NA,NA,NA,NA,357,A,V,V,Missense,NA,p.Ala357Val,unknown,NA,NA,"Epi25 Collaborative, 2019","Epi25 Collaborative, 2019",Yes,NA,NA,NA,Yes,NA,NA,NA,NA,NA,NA,NA,NA,GGE,NA,NA,NA,NA,NA,No,NA,NA,NA,NA,NA,NA
c.1057A>G,SLC6A1,3,11068024,1057,A,G,NA,NA,NA,NA,NA,353,I,V,V,Missense,NA,p.Ile353Val,unknown,NA,NA,"Epi25 Collaborative, 2019","Epi25 Collaborative, 2019",Yes,NA,NA,NA,Yes,NA,NA,NA,NA,NA,NA,NA,NA,GGE,NA,NA,NA,NA,NA,No,NA,NA,NA,NA,NA,NA
c.160C>T,SLC6A1,3,11059057,160,C,T,NA,NA,NA,NA,NA,54,L,F,F,Missense,NA,p.Leu54Phe,unknown,NA,Male,"Satterstorm et al, 2018","Satterstorm et al, 2018",Yes,NA,NA,NA,NA,NA,NA,NA,NA,NA,NA,NA,NA,NA,NA,NA,NA,NA,NA,Yes,NA,NA,NA,NA,NA,NA
c.593A>C,SLC6A1,3,11064033,593,A,C,NA,NA,NA,NA,NA,198,H,P,P,Missense,NA,p.His198Pro,unknown,NA,Male,"Satterstorm et al, 2018","Satterstorm et al, 2018",Yes,NA,NA,NA,NA,NA,NA,NA,NA,NA,NA,NA,NA,NA,NA,NA,NA,NA,NA,Yes,NA,NA,NA,NA,NA,NA
c.863C>T,SLC6A1,3,11067472,863,C,T,NA,NA,NA,NA,NA,288,A,V,V,Missense,NA,p.Ala288Val,unknown,NA,Male,"Satterstorm et al, 2018","Satterstorm et al, 2018",Yes,NA,NA,NA,Yes,NA,NA,NA,NA,NA,NA,NA,NA,NA,NA,NA,NA,NA,NA,Yes,NA,NA,NA,NA,NA,NA
c.896G>T,SLC6A1,3,11067505,896,G,T,NA,NA,NA,NA,NA,299,G,V,V,Missense,NA,p.Gly299Val,unknown,NA,Female,"Satterstorm et al, 2018","Satterstorm et al, 2018",Yes,NA,NA,NA,NA,NA,NA,NA,NA,NA,NA,NA,NA,NA,NA,NA,NA,NA,NA,Yes,NA,NA,NA,NA,NA,NA
c.919G>A,SLC6A1,3,11067528,919,G,A,NA,NA,NA,NA,NA,307,G,R,R,Missense,NA,p.Gly307Arg,unknown,NA,Female,"Satterstorm et al, 2018","Satterstorm et al, 2018",Yes,NA,NA,NA,Yes,NA,NA,NA,NA,NA,NA,NA,NA,NA,NA,NA,NA,NA,NA,Yes,NA,NA,NA,NA,NA,NA
c.1024G>A,SLC6A1,3,11067991,1024,G,A,NA,NA,NA,NA,NA,342,V,M,M,Missense,NA,p.Val342Met,unknown,NA,Female,"Satterstorm et al, 2018","Satterstorm et al, 2018",Yes,NA,NA,NA,Yes,NA,NA,NA,NA,NA,NA,NA,NA,NA,NA,NA,NA,NA,NA,Yes,NA,NA,NA,NA,NA,NA
c.1078G>A,SLC6A1,3,11068045,1078,G,A,NA,NA,NA,NA,NA,360,G,S,S,Missense,NA,p.Gly360Ser,unknown,NA,Female,"Satterstorm et al, 2018","Satterstorm et al, 2018",Yes,NA,NA,NA,Yes,NA,NA,NA,NA,NA,NA,NA,NA,NA,NA,NA,NA,NA,NA,Yes,NA,NA,NA,NA,NA,NA
c.1648G>A,SLC6A1,3,11076337,1648,G,A,NA,NA,NA,NA,NA,550,G,R,R,Missense,NA,p.Gly550Arg,unknown,NA,Male,"Satterstorm et al, 2018","Satterstorm et al, 2018",Yes,NA,NA,NA,Yes,NA,NA,NA,NA,NA,NA,NA,NA,NA,NA,NA,NA,NA,NA,Yes,NA,NA,NA,NA,NA,NA
c.223G>A,SLC6A1,3,11059120,223,G,A,NA,NA,NA,NA,NA,75,G,R,R,Missense,NA,p.Gly75Arg,de novo,NA,Male,"Johanensen et al, 2018","Johanensen et al, 2018",Yes,13,Yes,NA,Yes,48,No,No,No,No,No,No,Yes,Unclassified General,Mild DD/ID,Mild DD/ID,NA,No,No,No,No,No,Yes,NA,NA,Generalized atypical spike-and-slow-wave
c.419A>G,SLC6A1,3,11060332,419,A,G,NA,NA,NA,NA,NA,140,Y,C,C,Missense,NA,p.Tyr140Cys,de novo,NA,Female,"Johanensen et al, 2018","Johanensen et al, 2018",Yes,17,No,NA,Yes,24,Yes,No,No,No,Yes,Yes,Yes,EMAS,Learning disability,Mild DD/ID,NA,No,No,No,No,No,No,NA,NA,Generalized spike-and-slow-wave
c.434C>T,SLC6A1,3,11060347,434,C,T,NA,NA,NA,NA,NA,145,S,F,F,Missense,NA,p.Ser145Phe,de novo,NA,Female,"Johanensen et al, 2018","Johanensen et al, 2018",Yes,2.3,No,NA,NA,NA,No,No,No,No,No,No,No,CAE,NA,Mild DD/ID,NA,No,Yes,Yes,Yes,Yes,Yes,NA,NA,Normal
c.695G>T,SLC6A1,3,11064135,695,G,T,NA,NA,NA,NA,NA,232,G,V,V,Missense,NA,p.Gly232Val,de novo,NA,Male,"Johanensen et al, 2018","Johanensen et al, 2018",Yes,10,No,NA,Yes,24,No,No,No,No,No,No,Yes,EMAS,Mild DD/ID,Mild DD/ID,NA,No,No,No,No,No,No,NA,NA,Centrotemporal spike-and-slow-wave
c.695G>T,SLC6A1,3,11064135,695,G,T,NA,NA,NA,NA,NA,232,G,V,V,Missense,NA,p.Gly232Val,inherited,NA,Male,"Johanensen et al, 2018","Johanensen et al, 2018",Yes,17,Yes,NA,Yes,12,No,No,No,No,Yes,No,Yes,EMAS,NA,Moderate DD/ID,NA,No,No,No,No,No,Yes,NA,NA,Background slowing and Generalized 3-Hz spike-and-slow-wave
c.695G>T,SLC6A1,3,11064135,695,G,T,NA,NA,NA,NA,NA,232,G,V,V,Missense,NA,p.Gly232Val,inherited,NA,Female,"Johanensen et al, 2018","Johanensen et al, 2018",Yes,10,Yes,NA,Yes,13,No,No,No,No,Yes,No,Yes,EMAS,Normal,Mild DD/ID,NA,No,No,No,No,No,No,NA,NA,Background slowing and Generalized (poly)spike-and-slow-wave
c.695G>T,SLC6A1,3,11064135,695,G,T,NA,NA,NA,NA,NA,232,G,V,V,Missense,NA,p.Gly232Val,unknown,NA,Female,"Johanensen et al, 2018","Johanensen et al, 2018",Yes,NA,Yes,NA,NA,NA,No,No,No,No,No,No,No,NA,NA,Learning disability,NA,No,No,No,NA,NA,NA,NA,NA,NA
c.809T>C,SLC6A1,3,11067229,809,T,C,NA,NA,NA,NA,NA,270,F,S,S,Missense,NA,p.Phe270Ser,de novo,NA,Male,"Johanensen et al, 2018","Johanensen et al, 2018",Yes,7,No,NA,Yes,18,No,No,No,No,No,No,Yes,Unclassified General,Learning disability,Mild DD/ID,NA,Yes,Yes,No,No,No,No,NA,NA,Occipital notched rhythmic delta and 2-2.5-Hz spike-and-slow-wave
c.863C>T,SLC6A1,3,11067472,863,C,T,NA,NA,NA,NA,NA,288,A,V,V,Missense,NA,p.Ala288Val,de novo,NA,Male,"Johanensen et al, 2018","Johanensen et al, 2018",Yes,8,No,NA,Yes,22,No,No,No,No,Yes,Yes,Yes,EMAS,Mild DD/ID,Mild DD/ID,NA,No,No,No,No,No,No,NA,NA,Generalized 3-Hz spike-and-slow-wave
c.863C>T,SLC6A1,3,11067472,863,C,T,NA,NA,NA,NA,NA,288,A,V,V,Missense,NA,p.Ala288Val,unknown,NA,Female,"Johanensen et al, 2018","Johanensen et al, 2018",Yes,7,Yes,NA,Yes,60,No,Yes,No,No,No,No,Yes,Unclassified General,NA,Moderate DD/ID,NA,No,Yes,Yes,No,No,No,NA,NA,Centrotemporal spike-and-slow-wave and Generalized spike-and-slow-wave
c.1024G>A,SLC6A1,3,11067991,1024,G,A,NA,NA,NA,NA,NA,342,V,M,M,Missense,NA,p.Val342Met,inherited,NA,Male,"Johanensen et al, 2018","Johanensen et al, 2018",Yes,19,Yes,NA,Yes,24,No,No,Yes,No,Yes,No,Yes,EMAS,Normal,Severe DD/ID,NA,Yes,No,No,Yes,No,No,NA,NA,"Background slowing, Generalized spike-and-slow-waves, and Multifocal spike-and-slow-waves"
c.1024G>A,SLC6A1,3,11067991,1024,G,A,NA,NA,NA,NA,NA,342,V,M,M,Missense,NA,p.Val342Met,inherited,NA,Male,"Johanensen et al, 2018","Johanensen et al, 2018",Yes,12,Yes,NA,Yes,15,No,No,No,No,Yes,Yes,Yes,EMAS,Mild DD/ID,Moderate DD/ID,NA,No,Yes,Yes,No,Yes,No,NA,NA,"Background slowing, Generalized spike-and-slow-waves, and Multifocal spike-and-slow-waves"
c.1024G>A,SLC6A1,3,11067991,1024,G,A,NA,NA,NA,NA,NA,342,V,M,M,Missense,NA,p.Val342Met,inherited,NA,Male,"Johanensen et al, 2018","Johanensen et al, 2018",Yes,28,Yes,NA,Yes,NA,No,No,Yes,No,No,No,Yes,CAE,Normal,Normal,NA,NA,NA,NA,No,No,No,NA,NA,Generalized 3-Hz spike-and-slow-waves
c.1024G>A,SLC6A1,3,11067991,1024,G,A,NA,NA,NA,NA,NA,342,V,M,M,Missense,NA,p.Val342Met,inherited,NA,Female,"Johanensen et al, 2018","Johanensen et al, 2018",Yes,NA,Yes,NA,NA,NA,No,No,No,No,No,No,No,NA,NA,Mild DD/ID,NA,No,No,No,No,No,No,NA,NA,NA
c.1024G>A,SLC6A1,3,11067991,1024,G,A,NA,NA,NA,NA,NA,342,V,M,M,Missense,NA,p.Val342Met,de novo,NA,Male,"Johanensen et al, 2018","Johanensen et al, 2018",Yes,NA,No,NA,Yes,36,No,No,No,No,No,No,Yes,Unclassified General,NA,Learning disability,NA,NA,NA,NA,NA,NA,NA,NA,NA,NA
c.1024G>A,SLC6A1,3,11067991,1024,G,A,NA,NA,NA,NA,NA,342,V,M,M,Missense,NA,p.Val342Met,de novo,NA,Male,"Johanensen et al, 2018","Johanensen et al, 2018",Yes,8,No,NA,Yes,60,No,No,No,No,No,No,Yes,Unclassified General,Moderate DD/ID,Moderate DD/ID,NA,No,No,Yes,NA,NA,NA,NA,NA,Generalized 3-Hz spike-and-slow-waves
c.1024G>A,SLC6A1,3,11067991,1024,G,A,NA,NA,NA,NA,NA,342,V,M,M,Missense,NA,p.Val342Met,de novo,NA,Female,"Johanensen et al, 2018","Johanensen et al, 2018",Yes,5,No,NA,Yes,24,No,No,No,No,Yes,Yes,Yes,EMAS,Moderate DD/ID,Moderate DD/ID,NA,Yes,Yes,No,No,No,No,NA,NA,Generalized 2.5-3.5-Hz (poly)spike-and-slow-waves
c.1024G>A,SLC6A1,3,11067991,1024,G,A,NA,NA,NA,NA,NA,342,V,M,M,Missense,NA,p.Val342Met,de novo,NA,Female,"Johanensen et al, 2018","Johanensen et al, 2018",Yes,10,Yes,NA,Yes,13,No,No,No,Yes,No,No,Yes,Unclassified General,Mild DD/ID,Moderate DD/ID,NA,No,No,Yes,No,No,Yes,NA,NA,"Generalized spike-and-slow-wave, Occipital 3-Hz spike-and-slow-waves, Occipital notched delta slowing"
c.1070C>T,SLC6A1,3,11068037,1070,C,T,NA,NA,NA,NA,NA,357,A,V,V,Missense,NA,p.Ala357Val,de novo,NA,Female,"Johanensen et al, 2018","Johanensen et al, 2018",Yes,9,No,NA,Yes,11,No,No,No,No,Yes,No,Yes,EMAS,Moderate DD/ID,Mild DD/ID,NA,No,No,No,No,No,Yes,NA,NA,"Generalized delta slowing, Generalized spike-and-slow-waves, Left Occipital spikes-and-slow-waves, Left Centrotemporal spike-and-slow-waves"
c.1084G>A,SLC6A1,3,11070426,1084,G,A,NA,NA,NA,NA,NA,362,G,R,R,Missense,NA,p.Gly362Arg,unknown,NA,Female,"Johanensen et al, 2018","Johanensen et al, 2018",Yes,21,NA,NA,Yes,84,No,Yes,Yes,No,No,No,No,TLE,Mild DD/ID,Moderate DD/ID,NA,No,No,No,NA,NA,No,NA,NA,Frontotemporal spike-and-slow-waves and Generalized 3-4-Hz spike-and-slow-waves
c.1084G>A,SLC6A1,3,11070426,1084,G,A,NA,NA,NA,NA,NA,362,G,R,R,Missense,NA,p.Gly362Arg,inherited,NA,Male,"Johanensen et al, 2018","Johanensen et al, 2018",Yes,NA,No,NA,Yes,12,No,No,Yes,No,Yes,No,Yes,LGS,NA,Moderate DD/ID,NA,No,No,No,NA,NA,No,NA,NA,Background slowing and Genearlized 2-Hz (poly) spike-and-slow-waves
c.1155C>G,SLC6A1,3,11070497,1155,C,G,NA,NA,NA,NA,NA,385,F,L,L,Missense,NA,p.Phe385Leu,de novo,NA,Male,"Johanensen et al, 2018","Johanensen et al, 2018",Yes,10,No,NA,Yes,15,No,No,No,No,Yes,Yes,No,EMAS,Normal,Mild DD/ID,NA,No,No,Yes,No,No,Yes,NA,NA,Posterior 3-4-Hz spike-and-slow-waves
c.1377C>G,SLC6A1,3,11072916,1377,C,G,NA,NA,NA,NA,NA,459,S,R,R,Missense,NA,p.Ser459Arg,de novo,NA,Female,"Johanensen et al, 2018","Johanensen et al, 2018",Yes,13,No,NA,Yes,60,No,No,No,No,No,No,Yes,Unclassified General,Severe DD/ID,Severe DD/ID,NA,No,Yes,No,No,No,No,NA,NA,Generalized (polys) spike-and-slow-waves
c.1531G>A,SLC6A1,3,11076220,1531,G,A,NA,NA,NA,NA,NA,511,V,M,M,Missense,NA,p.Val511Met,de novo,NA,Male,"Johanensen et al, 2018","Johanensen et al, 2018",Yes,5,No,NA,Yes,12,No,No,No,No,No,No,Yes,Unclassified General,Normal,Mild DD/ID,NA,Yes,No,No,No,No,No,NA,NA,"Background slowing, Generalized spike-and-slow-waves, Focal spike-and-slow-waves"
c.331G>A,SLC6A1,3,11059621,331,G,A,NA,NA,NA,NA,NA,111,G,R,R,Missense,NA,p.Gly111Arg,de novo,NA,NA,SLC6A1-Connect,SLC6A1-Connect,Yes,2,NA,NA,No,NA,No,No,No,No,No,No,No,No Seizures,NA,NA,NA,No,No,No,No,Yes,No,NA,NA,Normal
c.131G>A,SLC6A1,3,11059028,131,G,A,NA,NA,NA,NA,NA,44,R,Q,Q,Missense,NA,p.Arg44Gln,de novo,NA,NA,SLC6A1-Connect,SLC6A1-Connect,Yes,4,NA,NA,NA,NA,NA,NA,NA,NA,NA,NA,NA,NA,NA,NA,NA,NA,NA,Yes,NA,NA,NA,NA,NA,Rare occipital rhytmic delta slowing
c.812A>G,SLC6A1,3,11067232,812,A,G,NA,NA,NA,NA,NA,271,Y,C,C,Missense,NA,p.Tyr271Cys,de novo,NA,NA,SLC6A1-Connect,SLC6A1-Connect,Yes,6,Yes,NA,No,NA,NA,NA,NA,NA,NA,NA,NA,No Seizures,Learning disability,Learning disability,NA,Yes,No,Yes,No,No,No,NA,NA,NA
c.236G>T,SLC6A1,3,11059133,236,G,T,NA,NA,NA,NA,NA,79,G,V,V,Missense,NA,p.Gly79Val,unknown,NA,NA,SLC6A1-Connect,SLC6A1-Connect,Yes,26,No,NA,Yes,NA,No,No,No,No,Yes,Yes,NA,EMAS,NA,NA,NA,No,No,No,No,No,No,NA,NA,Generalized spike-and-slow-waves and Generalized intermittent slowing
c.913G>C,SLC6A1,3,11067522,913,G,C,NA,NA,NA,NA,NA,305,A,P,P,Missense,NA,p.Ala305Pro,de novo,NA,Male,"Kim et al, 2019","Kim et al, 2019",Yes,8.3,NA,NA,NA,15,No,No,No,NA,No,No,Yes,Unclassified General,Developmental delay,Developmental delay,NA,NA,NA,No,NA,NA,NA,NA,NA,Generalized spike-and-slow-waves and Focal spike-and-slow-waves
c.1070C>T,SLC6A1,3,11068037,1070,C,T,NA,NA,NA,NA,NA,357,A,V,V,Missense,NA,p.Ala357Val,de novo,NA,Female,"Kim et al, 2019","Kim et al, 2019",Yes,11.6,NA,NA,Yes,23,No,No,Yes,NA,Yes,Yes,Yes,EOAE,Developmental delay,Developmental delay,NA,NA,NA,No,NA,NA,NA,NA,NA,"Generalized delta slowing, Generalized spike-and-slow-waves, Focal spike-and-slow-waves"
c.130C>T,SLC6A1,3,11059027,130,C,T,NA,NA,NA,NA,NA,44,R,W,W,Missense,NA,p.Arg44Trp,unknown,NA,Male,"Kim et al, 2019","Kim et al, 2019",Yes,9.3,Yes,NA,NA,28,No,No,No,NA,No,No,Yes,Unclassified General,Learning disability,Learning disability,NA,NA,NA,No,NA,NA,NA,NA,NA,Generalized spike-and-slow-waves
c.1697G>A,SLC6A1,3,11078549,1697,G,A,NA,NA,NA,NA,NA,566,R,H,H,Missense,NA,p.Arg566His,inherited,NA,Male,"Posar et al, 2019","Posar et al, 2019",Yes,8,No,NA,Yes,144,No,No,No,Yes,No,No,Yes,Unclassified General,Learning disability,Learning disability,NA,NA,NA,No,NA,NA,NA,NA,NA,Generalized (bifrontal predominant) 3.5-Hz (poly) spike-and-slow-waves
c.863C>T,SLC6A1,3,11067472,863,C,T,NA,NA,NA,NA,NA,288,A,V,V,Missense,NA,p.Ala288Val,unknown,NA,Male,SLC6A1-Connect,SLC6A1-Connect,Yes,2,NA,NA,NA,NA,NA,NA,NA,NA,NA,NA,NA,NA,NA,NA,NA,NA,NA,NA,NA,NA,NA,NA,NA,NA
c.863C>T,SLC6A1,3,11067472,863,C,T,NA,NA,NA,NA,NA,288,A,V,V,Missense,NA,p.Ala288Val,unknown,NA,Female,SLC6A1-Connect,SLC6A1-Connect,Yes,7,NA,NA,NA,NA,NA,NA,NA,NA,NA,NA,NA,NA,NA,NA,NA,NA,NA,NA,NA,NA,NA,NA,NA,NA
c.1024G>A,SLC6A1,3,11067991,1024,G,A,NA,NA,NA,NA,NA,342,V,M,M,Missense,NA,p.Val342Met,de novo,NA,Male,"Snoeijen-Schouwenaars et al, 2018","Snoeijen-Schouwenaars et al, 2018",Yes,NA,NA,NA,Yes,NA,NA,NA,NA,NA,NA,NA,NA,Unclassified General,NA,Moderate DD/ID,NA,NA,NA,NA,NA,NA,NA,NA,NA,NA
c.863C>T,SLC6A1,3,11067472,863,C,T,NA,NA,NA,NA,NA,288,A,V,V,Missense,NA,p.Ala288Val,unknown,NA,NA,"Truty et al, 2019","Truty et al, 2019",Yes,NA,NA,NA,Yes,NA,NA,NA,NA,NA,NA,NA,NA,NA,NA,NA,NA,NA,NA,NA,NA,NA,NA,NA,NA,NA
c.1070C>T,SLC6A1,3,11068037,1070,C,T,NA,NA,NA,NA,NA,357,A,V,V,Missense,NA,p.Ala357Val,unknown,NA,NA,"Truty et al, 2019","Truty et al, 2019",Yes,NA,NA,NA,Yes,NA,NA,NA,NA,NA,NA,NA,NA,NA,NA,NA,NA,NA,NA,NA,NA,NA,NA,NA,NA,NA
c.223G>A,SLC6A1,3,11059120,223,G,A,NA,NA,NA,NA,NA,75,G,R,R,Missense,NA,p.Gly75Arg,unknown,NA,NA,"Truty et al, 2019","Truty et al, 2019",Yes,NA,NA,NA,Yes,NA,NA,NA,NA,NA,NA,NA,NA,NA,NA,NA,NA,NA,NA,NA,NA,NA,NA,NA,NA,NA
c.1460T>C,SLC6A1,3,11075358,1460,T,C,NA,NA,NA,NA,NA,487,M,T,T,Missense,NA,p.Met487Thr,unknown,NA,NA,"Truty et al, 2019","Truty et al, 2019",Yes,NA,NA,NA,Yes,NA,NA,NA,NA,NA,NA,NA,NA,NA,NA,NA,NA,NA,NA,NA,NA,NA,NA,NA,NA,NA
c.1377C>G,SLC6A1,3,11072916,1377,C,G,NA,NA,NA,NA,NA,459,S,R,R,Missense,NA,p.Ser459Arg,unknown,NA,NA,"Truty et al, 2019","Truty et al, 2019",Yes,NA,NA,NA,Yes,NA,NA,NA,NA,NA,NA,NA,NA,NA,NA,NA,NA,NA,NA,NA,NA,NA,NA,NA,NA,NA
c.1024G>A,SLC6A1,3,11067991,1024,G,A,NA,NA,NA,NA,NA,342,V,M,M,Missense,NA,p.Val342Met,unknown,NA,NA,"Truty et al, 2019","Truty et al, 2019",Yes,NA,NA,NA,Yes,NA,NA,NA,NA,NA,NA,NA,NA,NA,NA,NA,NA,NA,NA,NA,NA,NA,NA,NA,NA,NA
c.1531G>A,SLC6A1,3,11076220,1531,G,A,NA,NA,NA,NA,NA,511,V,M,M,Missense,NA,p.Val511Met,unknown,NA,NA,"Truty et al, 2019","Truty et al, 2019",Yes,NA,NA,NA,Yes,NA,NA,NA,NA,NA,NA,NA,NA,NA,NA,NA,NA,NA,NA,NA,NA,NA,NA,NA,NA,NA
c.226A>G,SLC6A1,3,11059123,226,A,G,NA,NA,NA,NA,NA,76,K,E,E,Missense,NA,p.Lys76Glu,de novo,NA,Female,SLC6A1-Connect,SLC6A1-Connect,Yes,2.9,No,NA,Yes,18,No,No,No,Yes,Yes,Yes,No,EMAS,Mild DD/ID,Mild DD/ID,NA,No,No,No,No,No,Yes,NA,NA,"Generalized 2.5-4-Hz spike-and-slow-waves,  Bifronto-temporal (poly) spike-and-slow-waves,  and Bioccipito-parieto-centrotemporal delta/theta slowing"
c.277G>A,SLC6A1,3,11059567,277,G,A,NA,NA,NA,NA,NA,93,A,T,T,Missense,NA,p.Ala93Thr,de novo,NA,Female,"Rees et al, 2020","Rees et al, 2020",Yes,NA,Yes,NA,NA,NA,No,No,No,No,No,No,No,NA,Normal,Normal,NA,No,No,No,No,No,No,NA,NA,NA
c.631C>T,SLC6A1,3,11064071,631,C,T,NA,NA,NA,NA,NA,211,R,C,C,Missense,NA,p.Arg211Cys,de novo,NA,NA,"Rees et al, 2020","Rees et al, 2020",Yes,NA,Yes,NA,No,NA,No,No,No,No,No,No,No,No Seizures,Normal,Normal,NA,No,No,No,No,No,No,NA,NA,NA
c.1484G>T,SLC6A1,3,11075382,1484,G,T,NA,NA,NA,NA,NA,495,W,L,L,Missense,NA,p.Trp495Leu,de novo,NA,NA,"Rees et al, 2020","Rees et al, 2020",Yes,NA,Yes,NA,No,NA,No,No,No,No,No,No,No,No Seizures,Normal,Normal,NA,No,No,No,No,No,No,NA,NA,NA
c.199G>A,SLC6A1,3,NA,199,G,A,NA,NA,NA,NA,NA,67,V,I,I,Missense,NA,p.Val67Ile,de novo,NA,male,NA,Filadelfia Genetics,No,NA,No,None,Yes,12,NA,NA,NA,NA,NA,NA,NA,NA,Normal,Normal,NA,NA,NA,NA,No,NA,NA,23,Pathogenic,NA
c.31G>A,SLC6A1,3,NA,31,G,A,NA,NA,NA,NA,NA,11,G,R,R,Missense,NA,p.Gly11Arg,de novo,NA,male,NA,Filadelfia Genetics,No,NA,No,None,No,NA,NA,NA,NA,NA,NA,NA,NA,NA,NA,Moderate ID,Moderate ID,NA,NA,NA,No,NA,NA,157,Likely pathogenic,NA
c.286C>G,SLC6A1,3,NA,286,C,G,NA,NA,NA,NA,NA,96,P,A,A,Missense,NA,p.Pro96Ala,paternal,Unknown,male,NA,Filadelfia Genetics,No,NA,Yes,"Father mild ID, no epilepsy",Yes,36,NA,NA,NA,NA,NA,NA,NA,NA,Normal,Moderate ID,NA,NA,NA,NA,Yes,NA,NA,274,Pathogenic,NA
c.1070C>T,SLC6A1,3,NA,1070,C,T,NA,NA,NA,NA,NA,357,A,V,V,Missense,NA,p.Ala357Val,paternal,Unknown,male,NA,Filadelfia Genetics,No,NA,Yes,"Affected father with movement disorder, epilepsy and mild ID",Yes,23,NA,NA,NA,NA,NA,NA,NA,NA,Mild ID,Mild ID,NA,NA,NA,NA,No,NA,NA,275,Pathigenic,NA
c.340G>A,SLC6A1,3,NA,340,G,A,NA,NA,NA,NA,NA,114,G,R,R,Missense,NA,p.Gly114Arg,unknown,Unknown,female,NA,Filadelfia Genetics,No,NA,Yes,"Sister with similar phenotype, adopted, birth parents: Intellectual disability. Has an addiitonal 3 siblings, all with the same phenotype, adopted by different family, currently persuing genetic testing.",No,NA,NA,NA,NA,NA,NA,NA,NA,NA,NA,Mild ID,Mild ID,NA,NA,NA,Yes,NA,NA,276,VUS,NA
c.1353C>G,SLC6A1,3,NA,1353,C,G,NA,NA,NA,NA,NA,451,D,E,E,Missense,NA,p.Asp451Glu,maternal,Unknown,female,NA,Filadelfia Genetics,No,NA,Yes,Two siblings with similar phenotype. Mother with ID and seizures,Yes,NA,NA,NA,NA,NA,NA,NA,NA,NA,Unknown,Moderate ID,NA,NA,NA,NA,NA,NA,NA,277,NA,NA
c.1531G>A,SLC6A1,3,NA,1531,G,A,NA,NA,NA,NA,NA,511,V,M,M,Missense,NA,p.Val511Met,de novo,Unknown,male,NA,Filadelfia Genetics,No,NA,NA,NA,Yes,11,NA,NA,NA,NA,NA,NA,NA,NA,Normal,Mild ID,NA,NA,NA,NA,No,NA,NA,291,Likely pathogenic,NA
c.1597G>C,SLC6A1,3,NA,1597,G,C,NA,NA,NA,NA,NA,533,G,R,R,Missense,NA,p.Gly533Arg,de novo,Unknown,female,NA,Filadelfia Genetics,No,NA,NA,NA,Yes,NA,NA,NA,NA,NA,NA,NA,NA,NA,NA,NA,NA,NA,NA,NA,NA,NA,NA,296,NA,NA
NA,SLC6A1,3,NA,NA,NA,NA,NA,NA,NA,NA,NA,307,G,R,R,Missense,NA,p.Gly307Arg,unknown,Unknown,male,NA,Filadelfia Genetics,No,NA,No,None,No,NA,NA,NA,NA,NA,NA,NA,NA,NA,NA,Mild ID,Mild ID,NA,NA,NA,NA,NA,NA,301,pathogenic,NA
c.913 G>A,SLC6A1,3,NA,913,G,A,NA,NA,NA,NA,NA,503,A,T,T,Missense,NA,p.Ala503Thr,unknown,Unknown,female,NA,Filadelfia Genetics,No,NA,NA,NA,Yes,14,NA,NA,NA,NA,NA,NA,NA,NA,NA,NA,NA,NA,NA,NA,NA,NA,NA,397,NA,NA
c.1000G>A,SLC6A1,3,NA,1000,G,A,NA,NA,NA,NA,NA,334,A,T,T,Missense,NA,p.Ala334Thr,paternal,Unknown,female,NA,Filadelfia Genetics,No,NA,Yes,"The same variant was also identified in the father, who never had seizures, but is described as having autistic traits. •       The same variant was subsequently identified in the full brother of the proband, who has learning difficulty (special school) but again never had seizures. He also has cerebral palsy attributed to neonatal stroke. •       Lastly, the variant was found in the full sister of the proband, who has emerging concerns about educational attainment and social communication, but never had seizures",Yes,24,NA,NA,NA,NA,NA,NA,NA,NA,NA,NA,NA,NA,NA,NA,NA,NA,NA,411,NA,NA
c.890G>A,SLC6A1,3,NA,890,G,A,NA,NA,NA,NA,NA,297,G,E,E,Missense,NA,p.Gly297Glu,unknown,Unknown,NA,NA,Filadelfia Genetics,No,NA,No,None,Yes,36,NA,NA,NA,NA,NA,NA,NA,NA,Mild ID,Mild ID,NA,NA,NA,NA,No,NA,NA,413,NA,NA
c.666G>T,SLC6A1,3,NA,666,G,T,NA,NA,NA,NA,NA,222,W,C,C,Missense,NA,p.Trp222Cys,de novo,Unknown,female,NA,Filadelfia Genetics,No,NA,No,None,Yes,96,NA,NA,NA,NA,NA,NA,NA,NA,Normal,Normal,NA,NA,NA,NA,No,NA,NA,414,NA,NA
c.913G>A,SLC6A1,3,NA,913,G,A,NA,NA,NA,NA,NA,305,A,T,T,Missense,NA,p.Ala305Thr,de novo,NA,female,NA,Filadelfia Genetics,No,NA,No,None,Yes,14,NA,NA,NA,NA,NA,NA,NA,NA,Unknown,Moderate ID,NA,NA,NA,NA,No,NA,NA,422,NA,NA
c.1531G>A,SLC6A1,3,NA,1531,G,A,NA,NA,NA,NA,NA,511,V,M,M,Missense,NA,p.Val511Met,de novo,Unknown,female,NA,Filadelfia Genetics,No,NA,No,None,Yes,21,NA,NA,NA,NA,NA,NA,NA,NA,Mild ID,Mild ID,NA,NA,NA,NA,No,NA,NA,441,Pathogenic,NA
c.863C>T,SLC6A1,3,NA,863,C,T,NA,NA,NA,NA,NA,288,A,V,V,Missense,NA,p.Ala288Val,de novo,Unknown,male,NA,Filadelfia Genetics,No,NA,Yes,extensive maternal family history of mental health issues including depression durg addiction schizophrenia and suicidality,No,NA,NA,NA,NA,NA,NA,NA,NA,NA,NA,Mild ID,Mild ID,NA,NA,NA,No,NA,NA,476,Pathogenic,NA
c.223G>A,SLC6A1,3,NA,223,G,A,NA,NA,NA,NA,NA,75,G,R,R,Missense,NA,p.Gly75Arg,de novo,NA,male,NA,Filadelfia Genetics,No,NA,No,None,Yes,5,NA,NA,NA,NA,NA,NA,NA,MAE,Normal,Mild ID,NA,NA,NA,NA,No,NA,NA,480,Pathogenic,NA
c.1325G>T,SLC6A1,3,NA,1325,G,T,NA,NA,NA,NA,NA,442,G,V,V,Missense,NA,p.Gly442Val,de novo,NA,male,NA,Filadelfia Genetics,No,NA,NA,NA,Yes,48,NA,NA,NA,NA,NA,NA,NA,NA,NA,Moderate ID,NA,NA,NA,NA,NA,NA,NA,481,NA,NA
c.889G>A,SLC6A1,3,NA,889,G,A,NA,NA,NA,NA,NA,297,G,R,R,Missense,NA,p.Gly297Arg,NA,NA,NA,NA,Filadelfia Genetics,No,NA,NA,NA,NA,NA,NA,NA,NA,NA,NA,NA,NA,NA,NA,NA,NA,NA,NA,NA,NA,NA,NA,496,NA,NA
c.889G>A,SLC6A1,3,NA,889,G,A,NA,NA,NA,NA,NA,297,G,R,R,Missense,NA,p.Gly297Arg,NA,NA,NA,NA,Filadelfia Genetics,No,NA,NA,NA,NA,NA,NA,NA,NA,NA,NA,NA,NA,NA,NA,NA,NA,NA,NA,NA,NA,NA,NA,497,NA,NA
c.919G>A,SLC6A1,3,NA,919,G,A,NA,NA,NA,NA,NA,307,G,R,R,Missense,NA,p.Gly307Arg,NA,NA,NA,NA,Filadelfia Genetics,No,NA,NA,NA,NA,NA,NA,NA,NA,NA,NA,NA,NA,NA,NA,NA,NA,NA,NA,NA,NA,NA,NA,499,NA,NA
c.1084G>A,SLC6A1,3,NA,1084,G,A,NA,NA,NA,NA,NA,362,G,R,R,Missense,NA,p.Gly362Arg,NA,NA,NA,NA,Filadelfia Genetics,No,NA,NA,NA,NA,NA,NA,NA,NA,NA,NA,NA,NA,NA,NA,NA,NA,NA,NA,NA,NA,NA,NA,500,NA,NA
c.889G>A,SLC6A1,3,NA,889,G,A,NA,NA,NA,NA,NA,297,G,R,R,Missense,NA,p.Gly297Arg,NA,NA,NA,NA,Filadelfia Genetics,No,NA,NA,NA,NA,NA,NA,NA,NA,NA,NA,NA,NA,NA,NA,NA,NA,NA,NA,NA,NA,NA,NA,501,NA,NA
c.863C>T,SLC6A1,3,NA,863,C,T,NA,NA,NA,NA,NA,288,A,V,V,Missense,NA,p.Ala288Val,de novo,Unknown,female,NA,Filadelfia Genetics,No,NA,Yes,Dads cousin with epilepsy in childhood.,Yes,60,NA,NA,NA,NA,NA,NA,NA,NA,Mild ID,Mild ID,NA,NA,NA,NA,No,NA,NA,505,Pathogenic,NA
c.523_524insA,SLC6A1,3,11061950,523,T,NA,NA,NA,NA,NA,NA,175,S,NA,NA,PTV,NA,p.Ser175Tyrfs*32,unknown,NA,Female,SLC6A1-Connect,SLC6A1-Connect,Yes,2.7,No,NA,Yes,12,No,No,No,Yes,No,No,Yes,EOAE,Developmental delay,Developmental delay,NA,No,No,No,No,No,No,NA,NA,Frequent bursts of generalized posteriorly dominant 3-3.5-Hz activity mixed with spikes
c.636G>A,SLC6A1,3,11064076,636,G,A,NA,NA,NA,NA,NA,212,W,NA,NA,PTV,NA,p.Trp212Ter,unknown,NA,NA,"Epi25 Collaborative, 2019","Epi25 Collaborative, 2019",Yes,NA,NA,NA,Yes,NA,NA,NA,NA,NA,NA,NA,NA,DEE,NA,NA,NA,NA,NA,No,NA,NA,NA,NA,NA,NA
c.1191+1G>T,SLC6A1,3,11070534,1191,G,T,NA,NA,NA,NA,NA,NA,NA,NA,NA,Splice,NA,NA,unknown,NA,NA,"Epi25 Collaborative, 2019","Epi25 Collaborative, 2019",Yes,NA,NA,NA,Yes,NA,NA,NA,NA,NA,NA,NA,NA,GGE,NA,NA,NA,NA,NA,No,NA,NA,NA,NA,NA,NA
c.104dupA,SLC6A1,3,11059001,104,A,NA,NA,NA,NA,NA,NA,36,K,NA,NA,PTV,NA,p.Lys36GluFsTer171,de novo,NA,Female,"Johanensen et al, 2018","Johanensen et al, 2018",Yes,6,No,NA,Yes,5,No,No,No,Yes,Yes,No,Yes,EOAE,NA,Moderate DD/ID,NA,NA,NA,NA,No,Yes,No,NA,NA,Bioccipital background slowing and Generalized spike-and-slow-wave
c.578G>A,SLC6A1,3,11062005,578,G,A,NA,NA,NA,NA,NA,193,T,NA,NA,PTV,NA,p.Thr193Ter,de novo,NA,Female,"Johanensen et al, 2018","Johanensen et al, 2018",Yes,12,No,NA,Yes,38,No,No,No,No,Yes,Yes,Yes,EMAS,Mild DD/ID,Mild DD/ID,NA,No,No,Yes,No,No,No,NA,NA,Initial: Background slowing and generalized spike-and-slow-wave; Follow-up: normal
c.881_883del,SLC6A1,3,11067490,881,T,NA,NA,NA,NA,NA,NA,294,F,NA,NA,INDEL,NA,p.Phe294del,de novo,NA,Male,"Johanensen et al, 2018","Johanensen et al, 2018",Yes,12,No,NA,Yes,18,No,No,No,No,Yes,Yes,Yes,EMAS,Mild DD/ID,Moderate DD/ID,NA,Yes,No,No,No,No,Yes,NA,NA,Background slowing and Generalized spike-and-slow-waves
c.987C>A,SLC6A1,3,11067954,987,C,A,NA,NA,NA,NA,NA,329,C,NA,NA,PTV,NA,p.Cys329Ter,de novo,NA,Female,"Johanensen et al, 2018","Johanensen et al, 2018",Yes,11,No,NA,Yes,66,NA,NA,NA,No,NA,NA,NA,EMAS,Mild DD/ID,Mild DD/ID,NA,No,Yes,No,No,No,No,NA,NA,Background slowing and Generalized spike-and-slow-waves
c.1342A>T,SLC6A1,3,11072881,1342,A,T,NA,NA,NA,NA,NA,448,L,NA,NA,PTV,NA,p.Lys448Ter,de novo,NA,Female,"Johanensen et al, 2018","Johanensen et al, 2018",Yes,10,No,NA,Yes,36,No,No,No,No,Yes,Yes,No,EMAS,Moderate DD/ID,Moderate DD/ID,NA,No,No,Yes,No,No,Yes,NA,NA,Generalized and lateralized delta slowing and spike-and-slow-waves
c.1369_1370 delGG,SLC6A1,3,11072908,1369,G,NA,NA,NA,NA,NA,NA,457,G,NA,NA,PTV,NA,p.Gly457HisFsTer10,de novo,NA,Male,"Johanensen et al, 2018","Johanensen et al, 2018",Yes,12,NA,NA,Yes,36,No,No,No,No,Yes,Yes,Yes,EMAS,Mild DD/ID,Mild DD/ID,NA,No,No,No,No,No,Yes,NA,NA,"Initial: Generalized (poly) spike-and-slow-waves, Centrotemporal spike-and-slow-waves; Follow-up: normal"
c.1600C>T,SLC6A1,3,11076289,1600,C,T,NA,NA,NA,NA,NA,534,Q,NA,NA,PTV,NA,p.Gln534Ter,de novo,NA,Female,"Johanensen et al, 2018","Johanensen et al, 2018",Yes,5,No,NA,Yes,24,No,No,No,Yes,Yes,Yes,Yes,EMAS,Mild DD/ID,Mild DD/ID,NA,Yes,No,No,Yes,No,Yes,NA,NA,"Background slowing, Bioccipital delta slowing, Generalized spike-and-slow-waves"
c.850-2A>G,SLC6A1,3,11067457,850,A,G,NA,NA,NA,NA,NA,NA,NA,NA,NA,Splice,NA,NA,de novo,NA,Female,"Johanensen et al, 2018","Johanensen et al, 2018",Yes,4,NA,NA,Yes,16,No,No,No,No,Yes,Yes,Yes,EMAS,Normal,Mild DD/ID,NA,NA,NA,NA,No,No,No,NA,NA,Generalized delta slowin and Generalized (posterior predominant) spike-and-slow-waves
"c.6,1528-1G>C",SLC6A1,3,11058903,1528,G,C,NA,NA,NA,NA,NA,2,A,A,A,Synonymous,NA,p.Ala2Ala,de novo,NA,Female,"Johanensen et al, 2018","Johanensen et al, 2018",Yes,12,Yes,NA,Yes,72,No,No,No,No,No,No,Yes,CAE,NA,Mild DD/ID,NA,NA,NA,NA,Yes,No,No,NA,NA,Rare bifrontal 3-Hz spike-and-slow-waves
NA,SLC6A1,3,NA,NA,NA,NA,NA,NA,NA,NA,NA,NA,NA,NA,NA,CNV,NA,NA,de novo,NA,Female,"Johanensen et al, 2018","Johanensen et al, 2018",Yes,7,No,NA,Yes,36,No,No,No,No,Yes,Yes,Yes,EMAS,NA,Mild DD/ID,NA,No,No,No,No,No,No,NA,NA,Background slowing and Generalized delta slowing and spike-and-slow-waves
NA,SLC6A1,3,NA,NA,NA,NA,NA,NA,NA,NA,NA,NA,NA,NA,NA,CNV,NA,NA,unknown,NA,NA,SLC6A1-Connect,SLC6A1-Connect,Yes,4,No,NA,No,NA,NA,NA,NA,NA,NA,NA,NA,No Seizures,NA,NA,NA,No,No,No,No,No,No,NA,NA,"Normal
2018: mild slowing, occasional bursts of generalized activity, no epilepsy, severe non-ictal starring events"
c.1168_1176del,SLC6A1,3,11070510,1168,T,NA,NA,NA,NA,NA,NA,390,L,NA,NA,INDEL,NA,p.Leu390Leu392del,de novo,NA,NA,SLC6A1-Connect,SLC6A1-Connect,Yes,3,No,NA,Yes,30,No,No,No,No,Yes,No,No,Unclassified General,Normal,Severe DD/ID,NA,No,No,Yes,No,No,No,NA,NA,Rare bifrontal spike-and-slow-waves and Rare intermittent background theta/delta slowing
c.1323+1G>A,SLC6A1,3,11071039,1323,G,A,NA,NA,NA,NA,NA,NA,NA,NA,NA,Splice,NA,NA,unknown,NA,Female,"Kim et al, 2019","Kim et al, 2019",Yes,7.7,Yes,NA,Yes,41,No,No,Yes,NA,No,No,Yes,EOAE,Developmental delay,Developmental delay,NA,Yes,NA,No,NA,NA,NA,NA,NA,Generalized 2.5-3-Hz spike-and-slow-waves
c.850-1G>T,SLC6A1,3,11067458,850,G,T,NA,NA,NA,NA,NA,NA,NA,NA,NA,Splice,NA,NA,unknown,NA,Male,"Kim et al, 2019","Kim et al, 2019",Yes,12.4,NA,NA,Yes,50,No,No,Yes,NA,No,No,Yes,EOAE,Normal,Normal,NA,NA,NA,No,NA,NA,NA,NA,NA,Semirhythmic Generalized 2.5-Hz spike-and-slow-waves
c.456C>A,SLC6A1,3,11060369,456,C,A,NA,NA,NA,NA,NA,152,Y,NA,NA,PTV,NA,p.Tyr152Ter,de novo,NA,Female,"Kim et al, 2019","Kim et al, 2019",Yes,8.7,Yes,NA,Yes,51,No,No,Yes,NA,No,No,Yes,EOAE,Developmental delay,Developmental delay,NA,NA,NA,No,NA,NA,NA,NA,NA,Generalized 3-Hz spike-and-slow-waves
c.1255del,SLC6A1,3,11070970,1255,C,NA,NA,NA,NA,NA,NA,419,R,NA,NA,PTV,NA,p.Arg419Alafs*15,unknown,NA,NA,"Truty et al, 2019","Truty et al, 2019",Yes,NA,NA,NA,Yes,NA,NA,NA,NA,NA,NA,NA,NA,NA,NA,NA,NA,NA,NA,NA,NA,NA,NA,NA,NA,NA
c.1435C>T,SLC6A1,3,11075333,1435,C,T,NA,NA,NA,NA,NA,479,R,NA,NA,PTV,NA,p.Arg479Ter,unknown,NA,NA,"Truty et al, 2019","Truty et al, 2019",Yes,NA,NA,NA,Yes,NA,NA,NA,NA,NA,NA,NA,NA,NA,NA,NA,NA,NA,NA,NA,NA,NA,NA,NA,NA,NA
c.640_658del,SLC6A1,3,11064080,640,C,NA,NA,NA,NA,NA,NA,214,L,NA,NA,PTV,NA,p.Leu214Serfs*32,unknown,NA,NA,"Truty et al, 2019","Truty et al, 2019",Yes,NA,NA,NA,Yes,NA,NA,NA,NA,NA,NA,NA,NA,NA,NA,NA,NA,NA,NA,NA,NA,NA,NA,NA,NA,NA
c.523_524insA,SLC6A1,3,11061950,523,T,NA,NA,NA,NA,NA,NA,175,S,NA,NA,PTV,NA,p.Ser175Tyrfs*32,unknown,NA,NA,"Truty et al, 2019","Truty et al, 2019",Yes,NA,NA,NA,Yes,NA,NA,NA,NA,NA,NA,NA,NA,NA,NA,NA,NA,NA,NA,NA,NA,NA,NA,NA,NA,NA
c.1335dup,SLC6A1,3,11072874,1335,T,NA,NA,NA,NA,NA,NA,446,V,NA,NA,PTV,NA,p.Val446Cysfs*6,unknown,NA,NA,"Truty et al, 2019","Truty et al, 2019",Yes,NA,NA,NA,Yes,NA,NA,NA,NA,NA,NA,NA,NA,NA,NA,NA,NA,NA,NA,NA,NA,NA,NA,NA,NA,NA
c.1427-1G>A,SLC6A1,3,11075324,1427,G,A,NA,NA,NA,NA,NA,NA,NA,NA,NA,Splice,NA,NA,unknown,NA,NA,"Truty et al, 2019","Truty et al, 2019",Yes,NA,NA,NA,Yes,NA,NA,NA,NA,NA,NA,NA,NA,NA,NA,NA,NA,NA,NA,NA,NA,NA,NA,NA,NA,NA
c.471+1G>T,SLC6A1,3,11060385,471,G,T,NA,NA,NA,NA,NA,NA,NA,NA,NA,Splice,NA,NA,unknown,NA,NA,"Truty et al, 2019","Truty et al, 2019",Yes,NA,NA,NA,Yes,NA,NA,NA,NA,NA,NA,NA,NA,NA,NA,NA,NA,NA,NA,NA,NA,NA,NA,NA,NA,NA
c.1427-9A>G,SLC6A1,3,11075316,1427,A,G,NA,NA,NA,NA,NA,NA,NA,NA,NA,Splice,NA,NA,de novo,NA,Male,SLC6A1-Connect,SLC6A1-Connect,Yes,1.6,No,NA,No,NA,No,NA,NA,NA,NA,NA,NA,No Seizures,Severe DD/ID,Severe DD/ID,NA,No,No,No,No,Yes,no,NA,NA,Normal
c.330del,SLC6A1,3,11059620,330,C,NA,NA,NA,NA,NA,NA,110,I,NA,NA,PTV,NA,p.Ile110Metfs*4,de novo,NA,Female,SLC6A1-Connect,SLC6A1-Connect,Yes,17,No,NA,No,NA,No,No,No,No,No,No,No,No Seizures,Severe DD/ID,Severe DD/ID,NA,No,No,Yes,No,No,No,NA,NA,NA
NA,SLC6A1,3,NA,NA,NA,NA,NA,NA,NA,NA,NA,NA,NA,NA,NA,CNV,NA,NA,unknown,NA,Female,"Kim et al, 2019","Kim et al, 2019",Yes,6.8,NA,NA,NA,33,No,No,No,No,Yes,No,Yes,Unclassified General,Developmental delay,Developmental delay,NA,No,No,No,No,No,No,NA,NA,Bifrontal spike-and-slow-waves
c.281G>A,SLC6A1,3,NA,281,G,A,NA,NA,NA,NA,NA,NA,NA,NA,NA,NA,NA,NA,unknown,NA,Female,"Mattison et al, 2018","Mattison et al, 2018",Yes,NA,NA,NA,NA,NA,NA,NA,NA,NA,NA,NA,NA,NA,NA,NA,NA,NA,NA,NA,NA,NA,NA,NA,NA,NA
c.703T>C,SLC6A1,3,NA,703,T,C,NA,NA,NA,NA,NA,NA,NA,NA,NA,NA,NA,NA,unknown(adopted),NA,Female,"Mattison et al, 2018","Mattison et al, 2018",Yes,NA,NA,NA,Yes,NA,NA,NA,Yes,NA,NA,NA,Yes,Intractable absence epilepsy,NA,Moderate ID,NA,NA,NA,Yes,NA,NA,NA,NA,NA,NA
c.809T>C,SLC6A1,3,NA,809,T,C,NA,NA,NA,NA,NA,NA,NA,NA,NA,NA,NA,NA,de novo,NA,Male,"Johanensen et al, 2018","Johanensen et al, 2018",Yes,NA,NA,NA,Yes,NA,NA,NA,NA,Yes,Yes,NA,Yes,MAE,NA,Moderate ID,NA,Yes,Yes,NA,NA,Yes,NA,NA,NA,NA
c.815_817delTCA,SLC6A1,3,NA,815,NA,NA,NA,NA,NA,NA,NA,NA,NA,NA,NA,NA,NA,NA,de novo,NA,Male,"Mattison et al, 2018","Mattison et al, 2018",Yes,NA,NA,NA,Yes,NA,NA,NA,Yes,NA,NA,NA,Yes,MAE,NA,Moderate ID,NA,NA,NA,NA,NA,NA,Yes,NA,NA,NA
c.850-2A>G,SLC6A1,3,NA,850,A,G,NA,NA,NA,NA,NA,NA,NA,NA,NA,NA,NA,NA,de novo,NA,Female,"Johanensen et al, 2018","Johanensen et al, 2018",Yes,NA,NA,NA,Yes,NA,NA,Yes,Yes,NA,NA,NA,NA,Generalized epilepsy,NA,NA,NA,NA,NA,Yes,Yes,NA,NA,NA,NA,NA
c.1334A>G,SLC6A1,3,NA,1334,A,G,NA,NA,NA,NA,NA,NA,NA,NA,NA,NA,NA,NA,unknown,NA,Female,"Mattison et al, 2018","Mattison et al, 2018",Yes,NA,NA,NA,Yes,NA,NA,NA,NA,NA,NA,NA,NA,Generalized epilepsy,NA,NA,NA,NA,NA,NA,NA,NA,NA,NA,NA,NA
c.1487G>A,SLC6A1,3,NA,1487,G,A,NA,NA,NA,NA,NA,NA,NA,NA,NA,NA,NA,NA,unknown,NA,Male,"Mattison et al, 2018","Mattison et al, 2018",Yes,NA,NA,NA,Yes,NA,NA,NA,NA,NA,NA,NA,Yes,Generalized epilepsy,NA,NA,NA,NA,NA,Yes,NA,Yes,NA,NA,NA,NA
c.1648G>A,SLC6A1,3,NA,1648,G,A,NA,NA,NA,NA,NA,NA,NA,NA,NA,NA,NA,NA,unknown,NA,Male,"Mattison et al, 2018","Mattison et al, 2018",Yes,NA,NA,NA,Yes,NA,NA,NA,Yes,NA,NA,NA,Yes,Generalized epilepsy,NA,NA,NA,NA,NA,NA,NA,NA,NA,NA,NA,NA
c.1679dupA,SLC6A1,3,NA,1679,A,NA,NA,NA,NA,NA,NA,562,S,NA,NA,PTV,NA,p.Ser562Leufs*24,maternal,NA,male,NA,Filadelfia Genetics,No,NA,NA,Unknown,No,NA,NA,NA,NA,NA,NA,NA,NA,NA,NA,Severe ID,Severe ID,NA,NA,NA,No,NA,NA,14,Likely pathogenic,NA
c.636G>A,SLC6A1,3,NA,636,G,A,NA,NA,NA,NA,NA,212,W,NA,NA,PTV,NA,p.Trp212*,de novo,Loss of function,female,NA,Filadelfia Genetics,No,NA,No,None,Yes,10,NA,NA,NA,NA,NA,NA,NA,NA,Mild ID,Mild ID,NA,NA,NA,NA,No,NA,NA,28,NA,NA
c.1426+1G>A,SLC6A1,3,NA,1426,G,A,NA,NA,NA,NA,NA,NA,NA,NA,NA,Splice,NA,NA,unknown,Unknown,female,NA,Filadelfia Genetics,No,NA,Yes,"Biological mother in and out of institutions, not well functioning, ID to some degree",Yes,12,NA,NA,NA,NA,NA,NA,NA,NA,Mild ID,Mild ID,NA,NA,NA,NA,No,NA,NA,410,NA,NA
c.471+1G>T,SLC6A1,3,NA,471,G,T,NA,NA,NA,NA,NA,NA,NA,NA,NA,Splice,NA,NA,de novo,Unknown,male,NA,Filadelfia Genetics,No,NA,NA,NA,Yes,24,NA,NA,NA,NA,NA,NA,NA,NA,Unknown,Severe ID,NA,NA,NA,NA,No,NA,NA,412,NA,NA
c.913G>A,SLC6A1,3,NA,913,G,A,NA,NA,NA,NA,NA,NA,NA,NA,NA,NA,NA,NA,NA,NA,male,NA,Filadelfia Genetics,No,NA,NA,NA,NA,NA,NA,NA,NA,NA,NA,NA,NA,NA,NA,NA,NA,NA,NA,NA,Yes,NA,NA,482,NA,NA
c.889G>A,SLC6A1,3,NA,889,G,A,NA,NA,NA,NA,NA,NA,NA,NA,NA,NA,NA,NA,NA,NA,male,NA,Filadelfia Genetics,No,NA,Yes,The sister has mild intellectual disability without seizures. The variant is inherited from their father diagnosed with bipolar disorder but with a normal functional life,Yes,NA,NA,NA,NA,NA,NA,NA,NA,NA,NA,Severe ID,NA,NA,NA,NA,NA,NA,NA,485,NA,NA
c.1595G>A,SLC6A1,3,NA,1595,G,A,NA,NA,NA,NA,NA,532,W,NA,NA,PTV,NA,p.Trp532*,NA,Loss of function,NA,NA,Filadelfia Genetics,No,NA,No,None,Yes,24,NA,NA,NA,NA,NA,NA,NA,NA,Unknown,Mild ID,NA,NA,NA,NA,No,NA,NA,486,NA,NA
c.640_658delCTGGCCATCACGCTGGCCA,SLC6A1,3,NA,640,C,NA,NA,NA,NA,NA,NA,NA,L,NA,NA,PTV,NA,p.Leu214fs*,NA,NA,NA,NA,Filadelfia Genetics,No,NA,NA,NA,NA,NA,NA,NA,NA,NA,NA,NA,NA,NA,NA,NA,NA,NA,NA,NA,NA,NA,NA,498,NA,NA
c.1528-2A>T,SLC6A1,3,NA,1528,A,T,NA,NA,NA,NA,NA,NA,NA,NA,NA,Complex,NA,NA,NA,NA,NA,NA,Filadelfia Genetics,No,NA,NA,NA,NA,NA,NA,NA,NA,NA,NA,NA,NA,NA,NA,NA,NA,NA,NA,NA,NA,NA,NA,502,NA,NA
c.365_370+6delTCAAGGGTAAGT,SLC6A1,3,NA,365,NA,NA,NA,NA,NA,NA,NA,122,F,NA,NA,Complex,NA,p.Phe122_Gly124delinsCys,NA,NA,NA,NA,Filadelfia Genetics,No,NA,NA,NA,NA,NA,NA,NA,NA,NA,NA,NA,NA,NA,NA,NA,NA,NA,NA,NA,NA,NA,NA,503,NA,NA
c.983C>A,SLC6A1,3,NA,983,C,A,NA,NA,NA,NA,NA,328,S,NA,NA,PTV,NA,p.Ser328*,NA,Loss of function,NA,NA,Filadelfia Genetics,No,NA,NA,NA,NA,NA,NA,NA,NA,NA,NA,NA,NA,NA,NA,NA,NA,NA,NA,NA,NA,NA,NA,504,NA,NA
c.1427-1 0_1427-6delAATGT,SLC6A1,3,NA,1427,NA,NA,NA,NA,NA,NA,NA,NA,NA,NA,NA,NA,NA,NA,maternal,Unknown,female,NA,Filadelfia Genetics,No,NA,Yes,"Sister with FS, mother healthy",Yes,NA,NA,NA,NA,NA,NA,NA,NA,NA,Unknown,Unknown,NA,NA,NA,NA,NA,NA,NA,508,NA,NA
