...1,HGVSc,HGVSp,Avg_PercentWT,Std_PercentWT,CV,Variant impact,Variant type,Association,ClinVar,Topological 1,Topological 2,Number patients,Pos,Mut,Ref,Alt,Gene,AA_pos,AA_ref,AA_alt,variant_impact,uptake
0,c.305G>T,p.Cys102Phe,0.9269745882221775,0.4720563528793012,0.5092441139995508,missense,SNV,Unclear,Uncertain significance,Cytoplasmic 2,Cytoplasmic,1,305,G>T,G,T,SLC6A1,102,Cys,Phe,missense,0.009269745882221774
1,c.434C>T,p.Ser145Phe,1.049348609249622,0.565464898001999,0.5388722994604784,missense,SNV,Epilepsy/DD,Unclassified,Extracellular 2,Extracellular,1,434,C>T,C,T,SLC6A1,145,Ser,Phe,missense,0.01049348609249622
2,c.1003G​>A,p.Gly335Arg,1.271752759668485,0.4016375214659172,0.315814153665068,missense,SNV,Epilepsy/DD,Unclassified,Transmembrane 7,Transmembrane,1,1003,G​>A,G,A,SLC6A1,335,Gly,Arg,missense,0.01271752759668485
3,c.695G>T,p.Gly232Val,1.323501820806765,0.2775417970645442,0.2097026182369462,missense,SNV,Epilepsy/DD,Likely pathogenic,Cytoplasmic 3,Cytoplasmic,4,695,G>T,G,T,SLC6A1,232,Gly,Val,missense,0.013235018208067651
4,c.1328G>A,p.Gly443Asp,1.331730245073485,0.2567989774101477,0.1928310769843464,missense,SNV,Unclear,Uncertain significance,Extracellular 5,Extracellular,1,1328,G>A,G,A,SLC6A1,443,Gly,Asp,missense,0.013317302450734848
5,c.511_515delGACCG,p.Asp171LeuFs*34,1.42313501968079,0.2378859313705231,0.1671562628146703,frameshift,Indel,Unclear,Unclassified,Not missense,Not missense,1,511,del,NA,NA,SLC6A1,171,Asp,"NA",frameshift,0.0142313501968079
6,c.1189C​>A,p.Gln397Lys,1.466512929059885,0.22214729891869,0.1514799457384249,missense,SNV,Epilepsy/DD,Unclassified,Cytoplasmic 5,Cytoplasmic,1,1189,C​>A,C,A,SLC6A1,397,Gln,Lys,missense,0.014665129290598851
7,c.1658C>A,p.Ala553Asp,1.707548378029728,0.303575166266282,0.1777842257193119,missense,SNV,Unclear,Uncertain significance,Transmembrane 12,Transmembrane,1,1658,C>A,C,A,SLC6A1,553,Ala,Asp,missense,0.01707548378029728
8,c.1402T>C,p.Cys468Arg,2.005029980749175,0.146762109953584,0.07319696531357932,missense,SNV,Unclear,Uncertain significance,Transmembrane 10,Transmembrane,1,1402,T>C,T,C,SLC6A1,468,Cys,Arg,missense,0.02005029980749175
9,c.636G>A,p.Trp212*,2.096471632724469,0.4501514212523535,0.2147185844186021,stop gained,SNV,Epilepsy/DD,Unclassified,Not missense,Not missense,1,636,G>A,G,A,SLC6A1,212,Trp,"NA",stop gained,0.02096471632724469
10,c.1600C>T,p.Gln534*,2.101916573387108,0.6013163287004416,0.2860800168350439,missense,SNV,Epilepsy/DD,Pathogenic,Extracellular 6,Extracellular,1,1600,C>T,C,T,SLC6A1,534,Gln,*,stop gained,0.02101916573387108
11,c.884C>T,p.Ser295Leu,2.139623127199146,0.3863574496922749,0.1805726647748628,missense,SNV,Epilepsy/DD,Unclassified,Transmembrane 6,Transmembrane,1,884,C>T,C,T,SLC6A1,295,Ser,Leu,missense,0.021396231271991462
12,c.578G>A,p.Trp193*,2.18500853662864,0.2778765118380765,0.1271741081006604,stop gained,SNV,Epilepsy/DD,Unclassified,Not missense,Not missense,2,578,G>A,G,A,SLC6A1,193,Trp,"NA",stop gained,0.0218500853662864
13,c.1335dup,p.Val446CysFs*6,2.347840768775024,0.1775329340846701,0.07561540648146134,frameshift,Indel,Epilepsy/DD,Pathogenic,Not missense,Not missense,1,1335,dup,NA,NA,SLC6A1,446,Val,"NA",frameshift,0.02347840768775024
14,c.1640T>G,p.Leu547Arg,2.442601391765236,0.5448726594919931,0.2230706415418116,missense,SNV,Unclear,Uncertain significance,Transmembrane 12,Transmembrane,1,1640,T>G,T,G,SLC6A1,547,Leu,Arg,missense,0.02442601391765236
15,c.456C>A,p.Tyr152*,2.572073762282387,0.1813207137863458,0.07049592295729762,stop gained,SNV,Epilepsy/DD,Unclassified,Not missense,Not missense,1,456,C>A,C,A,SLC6A1,152,Tyr,"NA",stop gained,0.02572073762282387
16,c.1369_1370delGG,p.Gly457HisFs*10,2.748356015537116,0.4600426585044609,0.167388306283367,stop gained,Indel,Epilepsy/DD,Unclassified,Not missense,Not missense,2,1369,del,NA,NA,SLC6A1,457,Gly,"NA",stop gained,0.027483560155371158
17,c.167C>T,p.Ser56Phe,2.844617572271227,1.25740404275549,0.4420292045624753,missense,SNV,Unclear,Likely pathogenic,Transmembrane 1,Transmembrane,1,167,C>T,C,T,SLC6A1,56,Ser,Phe,missense,0.02844617572271227
18,c.752T>C,p.Leu251Pro,3.34551308083269,1.229716369175754,0.367571831125431,missense,SNV,Epilepsy/DD,Unclassified,Transmembrane 5,Transmembrane,1,752,T>C,T,C,SLC6A1,251,Leu,Pro,missense,0.0334551308083269
19,c.929A​>T,p.Asn310Ser,3.358997949388938,1.054252849834604,0.31385933118131,missense,SNV,Unclear,Unclassified,Cytoplasmic 4,Cytoplasmic,2,929,A>G,A,G,SLC6A1,310,Asn,Ser,missense,0.03358997949388938
20,c.317A>G,p.Gln106Arg,3.441517309560213,0.5294471427662063,0.1538411971067098,missense,SNV,Epilepsy/DD,Likely pathogenic,Cytoplasmic 2,Cytoplasmic,1,317,A>G,A,G,SLC6A1,106,Gln,Arg,missense,0.03441517309560213
21,c.1168_1176delTTGATGCTG,p.Leu390_Leu392delLeuMetLeu,3.591190320496368,0.5945981789780409,0.165571335939627,inframe indel,Indel,Epilepsy/DD,Unclassified,Not missense,Not missense,1,1168,del,NA,NA,SLC6A1,390,Leu,"NA",inframe indel,0.03591190320496368
22,c.922A>G,p.Ser308Gly,3.746325434107803,0.6130922732138735,0.1636516325122414,missense,SNV,Unclear,Unclassified,Transmembrane 6,Transmembrane,1,922,A>G,A,G,SLC6A1,308,Ser,Gly,missense,0.03746325434107803
23,c.313G>T,p.Gly105Cys,3.814467672154221,0.6374824438449361,0.1671222562714545,missense,SNV,Unclear,Uncertain significance,Cytoplasmic 2,Cytoplasmic,1,313,G>T,G,T,SLC6A1,105,Gly,Cys,missense,0.03814467672154221
24,c.187G​>A,p.Gly63Ser,3.836193021233956,1.552272304024975,0.4046387383098019,missense,SNV,Epilepsy/DD,Unclassified,Transmembrane 1,Transmembrane,3,187,G​>A,G,A,SLC6A1,63,Gly,Ser,missense,0.03836193021233956
25,c.875_877​del,p.Phe294del,3.857175751334444,0.2062825440589204,0.05348020348503801,inframe indel,Indel,Epilepsy/DD,Unclassified,Not missense,Not missense,2,875,del,NA,NA,SLC6A1,294,Phe,"NA",inframe indel,0.038571757513344435
26,c.889G>A,p.Gly297Arg,3.883846466491332,1.901158103815634,0.4895039287001324,missense,SNV,Epilepsy/DD,Pathogenic,Transmembrane 6,Transmembrane,4,889,G>A,G,A,SLC6A1,297,Gly,Arg,missense,0.03883846466491332
27,c.740C>T,p.Pro247Leu,3.892099982208202,0.4091831369570256,0.1051317126557662,missense,SNV,Unclear,Uncertain significance,Transmembrane 5,Transmembrane,1,740,C>T,C,T,SLC6A1,247,Pro,Leu,missense,0.03892099982208202
28,c.967G>T,p.Val323Phe,4.127370977589981,0.9305118889132187,0.2254490555769123,missense,SNV,Unclear,Uncertain significance,Transmembrane 7,Transmembrane,1,967,G>T,G,T,SLC6A1,323,Val,Phe,missense,0.041273709775899815
29,c.278_279​insG,p.Val95GlyFs*112,4.186088278411433,1.153474588479135,0.2755495134748721,frameshift,Indel,Unclear,Unclassified,Not missense,Not missense,1,278,ins,NA,NA,SLC6A1,95,Val,"NA",frameshift,0.04186088278411433
30,c.1377C>G,p.Ser459Arg,4.218398522763256,0.4550230175070276,0.1078662945313582,missense,SNV,Epilepsy/DD,Pathogenic,Transmembrane 10,Transmembrane,2,1377,C>G,C,G,SLC6A1,459,Ser,Arg,missense,0.042183985227632566
31,c.987C>A,p.Cys329*,4.309695914200677,0.9198447326004067,0.2134361103226493,stop gained,SNV,Epilepsy/DD,Unclassified,Not missense,Not missense,1,987,C>A,C,A,SLC6A1,329,Cys,"NA",stop gained,0.04309695914200677
32,c.896G>T,p.Gly299Val,4.329204603776216,0.7710632651781861,0.1781073743905784,missense,SNV,Epilepsy/DD,Unclassified,Transmembrane 6,Transmembrane,2,896,G>T,G,T,SLC6A1,299,Gly,Val,missense,0.04329204603776216
33,c.1487G>A,p.Trp496*,4.372748985577219,0.4894678900956508,0.1119359679025891,stop gained,SNV,Epilepsy/DD,Unclassified,Not missense,Not missense,1,1487,G>A,G,A,SLC6A1,496,Trp,"NA",stop gained,0.043727489855772184
34,c.331G>A,p.Gly111Arg,4.433952832497432,0.3292856866814836,0.07426458943542998,missense,SNV,Epilepsy/DD,Uncertain significance,Cytoplasmic 2,Cytoplasmic,4,331,G>A,G,A,SLC6A1,111,Gly,Arg,missense,0.04433952832497432
35,c.281G>A,p.Gly94Glu,4.475482000452382,0.7102021367098472,0.1586872959466846,missense,SNV,Epilepsy/DD,Likely pathogenic,Transmembrane 2,Transmembrane,1,281,G>A,G,A,SLC6A1,94,Gly,Glu,missense,0.04475482000452382
36,c.881_883del,p.Phe294del,4.52833155249859,0.7292021448590413,0.1610310853799322,inframe indel,Indel,Epilepsy/DD,Unclassified,Not missense,Not missense,1,881,del,NA,NA,SLC6A1,294,Phe,"NA",inframe indel,0.0452833155249859
37,c.1255del,p.Arg419AlaFs*15,4.563944518566705,0.3062373891924488,0.06709927956981866,frameshift,Indel,Epilepsy/DD,Pathogenic,Not missense,Not missense,1,1255,del,NA,NA,SLC6A1,419,Arg,"NA",frameshift,0.04563944518566705
38,c.1000G>C,p.Ala334Pro,4.591596910107573,0.6783404946125677,0.1477352014762714,missense,SNV,Epilepsy/DD,Pathogenic,Transmembrane 7,Transmembrane,1,1000,G>C,G,C,SLC6A1,334,Ala,Pro,missense,0.04591596910107573
39,c.332G>T,p.Gly111Val,4.643790738184344,0.420337255258671,0.09051597691566457,missense,SNV,Unclear,Uncertain significance,Cytoplasmic 2,Cytoplasmic,1,332,G>T,G,T,SLC6A1,111,Gly,Val,missense,0.04643790738184344
40,c.383C​>T,p.Ala128Val,4.645894843099181,1.687053309108459,0.363127743111607,missense,SNV,Epilepsy/DD,Unclassified,Transmembrane 3,Transmembrane,1,383,C​>T,C,T,SLC6A1,128,Ala,Val,missense,0.04645894843099181
41,c.1648G>A,p.Gly550Arg,4.669386032317265,0.9180151532552197,0.1966029681207657,missense,SNV,Epilepsy/DD,Conflicting,Transmembrane 12,Transmembrane,3,1648,G>A,G,A,SLC6A1,550,Gly,Arg,missense,0.046693860323172645
42,c.331G>C,p.Gly111Arg,4.937184086066522,2.16084664090854,0.4376678291187835,missense,SNV,Epilepsy/DD,Unclassified,Cytoplasmic 2,Cytoplasmic,1,331,G>C,G,C,SLC6A1,111,Gly,Arg,missense,0.04937184086066522
43,c.1435C>T,p.Arg479*,4.938014037673008,0.8194946932400352,0.1659563312270806,stop gained,SNV,Epilepsy/DD,Pathogenic,Not missense,Not missense,1,1435,C>T,C,T,SLC6A1,479,Arg,"NA",stop gained,0.04938014037673008
44,c.154G>T,p.Asp52Tyr,5.018724276125725,0.7978765214712727,0.1589799474075123,missense,SNV,Unclear,Uncertain significance,Cytoplasmic 1,Cytoplasmic,1,154,G>T,G,T,SLC6A1,52,Asp,Tyr,missense,0.050187242761257245
181,c.809T>C,p.Phe270Ser,5.102041269969432,0.9233302317508041,0.277957487079087,missense,SNV,Epilepsy/DD,Pathogenic,Extracellular 3,Extracellular,2,809,T>C,T,C,SLC6A1,270,Phe,Ser,missense,0.051020412699694324
45,c.236G>T,p.Gly79Val,5.241639618776608,0.5370658953323806,0.1024614308485655,missense,SNV,Epilepsy/DD,Likely pathogenic,Extracellular 1,Extracellular,1,236,G>T,G,T,SLC6A1,79,Gly,Val,missense,0.05241639618776608
46,c.419A>G,p.Tyr140Cys,5.342427319333811,0.2577906052224099,0.04825346042415712,missense,SNV,Epilepsy/DD,Likely pathogenic,Transmembrane 3,Transmembrane,1,419,A>G,A,G,SLC6A1,140,Tyr,Cys,missense,0.05342427319333811
47,c.130C>T,p.Arg44Trp,5.34911486581493,0.4482578261046614,0.08380037395894843,missense,SNV,Epilepsy/DD,Pathogenic,Cytoplasmic 1,Cytoplasmic,2,130,C>T,C,T,SLC6A1,44,Arg,Trp,missense,0.0534911486581493
48,c.104dupA,p.Lys36GluFs*171,5.372074459343875,0.1456730104097267,0.02711671469042122,stop gained,Indel,Epilepsy/DD,Unclassified,Not missense,Not missense,1,104,dup,NA,NA,SLC6A1,36,Lys,"NA",stop gained,0.05372074459343876
49,c.131G>A,p.Arg44Gln,5.373168315212776,0.4162557664075605,0.07746933317332289,missense,SNV,Epilepsy/DD,Pathogenic,Cytoplasmic 1,Cytoplasmic,2,131,G>A,G,A,SLC6A1,44,Arg,Gln,missense,0.05373168315212776
50,c.1324G>A,p.Gly442Arg,5.40788587045411,2.795745084910755,0.5169756078221361,missense,SNV,Maybe Schizophrenia,Unclassified,Extracellular 5,Extracellular,1,1324,G>A,G,A,SLC6A1,442,Gly,Arg,missense,0.0540788587045411
180,c.919G>A,p.Gly307Arg,5.41851231989731,1.174190613407005,0.2465836060989636,missense,SNV,Epilepsy/DD,Pathogenic,Transmembrane 6,Transmembrane,2,919,G>A,G,A,SLC6A1,307,Gly,Arg,missense,0.054185123198973104
51,c.332G>A,p.Gly111Glu,5.716598530396382,0.6526027424866616,0.114159274788431,missense,SNV,Epilepsy/DD,Uncertain significance,Cytoplasmic 2,Cytoplasmic,1,332,G>A,G,A,SLC6A1,111,Gly,Glu,missense,0.05716598530396382
52,c.1388T​>G,p.Leu463Arg,5.800634445204383,0.5493714439305442,0.0947088545434425,missense,SNV,Epilepsy/DD,Unclassified,Transmembrane 10,Transmembrane,1,1388,T​>G,T,G,SLC6A1,463,Leu,Arg,missense,0.058006344452043834
53,c.1155C>G,p.Phe385Leu,6.024827058645868,1.113987484575466,0.1848994956588587,missense,SNV,Epilepsy/DD,Unclassified,Transmembrane 8,Transmembrane,1,1155,C>G,C,G,SLC6A1,385,Phe,Leu,missense,0.06024827058645868
54,c.223G>A,p.Gly75Arg,6.093934220165117,1.175136590554105,0.1928370980220827,missense,SNV,Epilepsy/DD,Likely pathogenic,Extracellular 1,Extracellular,3,223,G>A,G,A,SLC6A1,75,Gly,Arg,missense,0.060939342201651175
55,c.302A>G,p.Glu101Gly,6.13782686309917,0.9687910461926655,0.1578394222908227,missense,SNV,Epilepsy/DD,Unclassified,Cytoplasmic 2,Cytoplasmic,1,302,A>G,A,G,SLC6A1,101,Glu,Gly,missense,0.0613782686309917
56,c.1228G>A,p.Asp410Asn,6.484736845638338,1.135214771904257,0.1750594972358527,missense,SNV,Maybe Schizophrenia,Unclassified,Cytoplasmic 5,Cytoplasmic,1,1228,G>A,G,A,SLC6A1,410,Asp,Asn,missense,0.06484736845638338
57,c.853T>C,p.Trp285Arg,6.769076989429198,0.6571722572897666,0.0970844707950622,missense,SNV,Unclear,Uncertain significance,Extracellular 3,Extracellular,1,853,T>C,T,C,SLC6A1,285,Trp,Arg,missense,0.06769076989429199
58,c.205A​>G,p.Arg69Gly,7.010622109062134,2.158904828331425,0.3079476820667258,missense,SNV,Epilepsy/DD,Unclassified,Transmembrane 1,Transmembrane,1,205,A​>G,A,G,SLC6A1,69,Arg,Gly,missense,0.07010622109062134
59,c.640_658del,p.Leu214SerFs*32,7.399724057225756,1.865072538937854,0.2520462282801789,frameshift,Indel,Epilepsy/DD,Pathogenic,Not missense,Not missense,1,640,del,NA,NA,SLC6A1,214,Leu,"NA",frameshift,0.07399724057225755
60,c.452delT,p.Leu151ArgFs*35,7.562282330381098,0.7871012079454388,0.1040824943527033,frameshift,Indel,Epilepsy/DD,Unclassified,Not missense,Not missense,2,452,del,NA,NA,SLC6A1,151,Leu,"NA",frameshift,0.07562282330381098
61,c.1229A​>G,p.Asp410Gly,7.622745269504126,1.04265325544747,0.136781857268503,missense,SNV,Epilepsy/DD,Unclassified,Cytoplasmic 5,Cytoplasmic,1,1229,A​>G,A,G,SLC6A1,410,Asp,Gly,missense,0.07622745269504126
62,c.1342A>T,p.Lys448*,7.631759353869339,3.341577737591646,0.4378515598631199,missense,SNV,Epilepsy/DD,Unclassified,Extracellular 5,Extracellular,1,1342,A>T,A,T,SLC6A1,448,Lys,*,stop gained,0.07631759353869338
63,c.815_817delTCA,p.Ile272del,8.025440082468236,1.491581817015143,0.1858567009021148,inframe indel,Indel,Epilepsy/DD,Unclassified,Not missense,Not missense,1,815,del,NA,NA,SLC6A1,272,Ile,"NA",inframe indel,0.08025440082468237
64,c.913G>C,p.Ala305Pro,8.228015928246805,0.7681961800133706,0.09336347750326426,missense,SNV,Epilepsy/DD,Unclassified,Transmembrane 6,Transmembrane,1,913,G>C,G,C,SLC6A1,305,Ala,Pro,missense,0.08228015928246805
65,c.1460T>C,p.Met487Thr,8.658514579216236,1.30624966202058,0.1508630204488055,missense,SNV,Epilepsy/DD,Likely pathogenic,Cytoplasmic 6,Cytoplasmic,1,1460,T>C,T,C,SLC6A1,487,Met,Thr,missense,0.08658514579216237
66,c.703T>C,p.Trp235Arg,8.986958614468923,1.93097397562439,0.2148640111144541,missense,SNV,Epilepsy/DD,Unclassified,Cytoplasmic 3,Cytoplasmic,1,703,T>C,T,C,SLC6A1,235,Trp,Arg,missense,0.08986958614468923
67,c.373G>A,p.Val125Met,9.044653600687141,3.384518290299549,0.3742009854354644,missense,SNV,Unclear,Uncertain significance,Transmembrane 3,Transmembrane,1,373,G>A,G,A,SLC6A1,125,Val,Met,missense,0.09044653600687141
68,c.1334A>G,p.Tyr445Cys,9.06231269416508,1.111065513061854,0.1226028664600408,missense,SNV,Epilepsy/DD,Unclassified,Extracellular 5,Extracellular,1,1334,A>G,A,G,SLC6A1,445,Tyr,Cys,missense,0.0906231269416508
69,c.131G>C,p.Arg44Pro,9.712014345956883,3.421322691139641,0.3522773514604557,missense,SNV,Unclear,Uncertain significance,Cytoplasmic 1,Cytoplasmic,1,131,G>C,G,C,SLC6A1,44,Arg,Pro,missense,0.09712014345956882
70,c.415T>C,p.Tyr139His,9.802564826127819,2.571990867898359,0.2623793786135398,missense,SNV,Epilepsy/DD,Unclassified,Transmembrane 3,Transmembrane,1,415,T>C,T,C,SLC6A1,139,Tyr,His,missense,0.09802564826127819
71,c.1461_1462insCAG,p.Met487_Val488insGln,9.911243120970962,1.965504342868492,0.1983105770768279,inframe indel,Indel,Unclear,Unclassified,Not missense,Not missense,1,1461,ins,NA,NA,SLC6A1,487,Met,"NA",inframe indel,0.09911243120970963
72,c.1327G​>A,p.Gly443Ser,9.915217042456534,2.562886262465433,0.2584800969551412,missense,SNV,Unclear,Unclassified,Extracellular 5,Extracellular,1,1327,G​>A,G,A,SLC6A1,443,Gly,Ser,missense,0.09915217042456534
73,c.593A>C,p.His198Pro,10.49880907921227,2.010839495566276,0.1915302469446515,missense,SNV,Epilepsy/DD,Unclassified,Extracellular 2,Extracellular,1,593,A>C,A,C,SLC6A1,198,His,Pro,missense,0.1049880907921227
74,c.461C>T,p.Ser154Phe,10.77776294467606,2.523564665356354,0.2341454973829175,missense,SNV,Unclear,Unclassified,Extracellular 2,Extracellular,1,461,C>T,C,T,SLC6A1,154,Ser,Phe,missense,0.10777762944676059
75,c.1325G​>T,p.Gly442Val,11.97030654164464,5.8270166629834,0.4867892599668385,missense,SNV,Epilepsy/DD,Unclassified,Extracellular 5,Extracellular,1,1325,G​>T,G,T,SLC6A1,442,Gly,Val,missense,0.11970306541644639
76,c.1070C>T,p.Ala357Val,13.45190769268611,0.3976431268736425,0.02956035203020637,missense,SNV,Epilepsy/DD,Pathogenic,Extracellular 4,Extracellular,4,1070,C>T,C,T,SLC6A1,357,Ala,Val,missense,0.1345190769268611
77,c.913G​>A,p.Ala305Thr,13.89586664639381,3.746215631480088,0.2695920827976777,missense,SNV,Epilepsy/DD,Unclassified,Transmembrane 6,Transmembrane,3,913,G​>A,G,A,SLC6A1,305,Ala,Thr,missense,0.1389586664639381
78,c.593A>G,p.His198Arg,13.94074885233766,0.999816104286651,0.07171896681281914,missense,SNV,Epilepsy/DD,Unclassified,Extracellular 2,Extracellular,1,593,A>G,A,G,SLC6A1,198,His,Arg,missense,0.1394074885233766
79,c.1337T>A,p.Val446Asp,15.01674880200194,2.023289987865852,0.1347355552485582,missense,SNV,Epilepsy/DD,Unclassified,Extracellular 5,Extracellular,1,1337,T>A,T,A,SLC6A1,446,Val,Asp,missense,0.1501674880200194
80,c.787G>A,p.Gly263Arg,16.63066499991973,4.287148712518157,0.2577857657850031,missense,SNV,Unclear,Uncertain significance,Extracellular 3,Extracellular,1,787,G>A,G,A,SLC6A1,263,Gly,Arg,missense,0.1663066499991973
81,c.863C>T,p.Ala288Val,16.95690141903527,4.498565820533154,0.2652940952692695,missense,SNV,Epilepsy/DD,Pathogenic,Extracellular 3,Extracellular,12,863,C>T,C,T,SLC6A1,288,Ala,Val,missense,0.1695690141903527
82,c.812A>G,p.Tyr271Cys,17.22076361540845,4.326220808513131,0.2512211946653865,missense,SNV,Epilepsy/DD,Unclassified,Extracellular 3,Extracellular,1,812,A>G,A,G,SLC6A1,271,Tyr,Cys,missense,0.17220763615408452
83,c.650C>T,p.Thr217Met,18.36512904170634,5.722104023788422,0.3115743979143187,missense,SNV,Unclear,Conflicting,Transmembrane 4,Transmembrane,1,650,C>T,C,T,SLC6A1,217,Thr,Met,missense,0.1836512904170634
84,c.154G>A,p.Asp52Asn,19.00705864225202,2.350803519126345,0.1236805527553112,missense,SNV,Epilepsy/DD,Unclassified,Cytoplasmic 1,Cytoplasmic,1,154,G>A,G,A,SLC6A1,52,Asp,Asn,missense,0.1900705864225202
85,c.1078G>A,p.Gly360Ser,19.90544533498951,2.057648513707136,0.103371136846169,missense,SNV,Epilepsy/DD,Unclassified,Extracellular 4,Extracellular,1,1078,G>A,G,A,SLC6A1,360,Gly,Ser,missense,0.19905445334989508
86,c.160C>T,p.Leu54Phe,19.96725204996359,4.384865705368404,0.2196028624467832,missense,SNV,Epilepsy/DD,Unclassified,Transmembrane 1,Transmembrane,1,160,C>T,C,T,SLC6A1,54,Leu,Phe,missense,0.1996725204996359
87,c.409A>G,p.Asn137Asp,23.09856161203911,6.262803841202121,0.2711339323370642,missense,SNV,Maybe Schizophrenia,Unclassified,Transmembrane 3,Transmembrane,1,409,A>G,A,G,SLC6A1,137,Asn,Asp,missense,0.2309856161203911
88,c.631C>T,p.Arg211Cys,24.65047936724816,3.87174561356492,0.1570657331195397,missense,SNV,Schizophrenia,Unclassified,Extracellular 2,Extracellular,2,631,C>T,C,T,SLC6A1,211,Arg,Cys,missense,0.2465047936724816
89,c.1084G>A,p.Gly362Arg,25.76836470780959,7.994585056824707,0.3102480559971971,missense,SNV,Epilepsy/DD,Pathogenic,Extracellular 4,Extracellular,3,1084,G>A,G,A,SLC6A1,362,Gly,Arg,missense,0.2576836470780959
90,c.523_524insA,p.Ser175TyrFs*32,26.76495084501063,3.580328393784777,0.1337692870992962,frameshift,Indel,Epilepsy/DD,Pathogenic,Not missense,Not missense,2,523,ins,NA,NA,SLC6A1,175,Ser,"NA",frameshift,0.2676495084501063
91,c.1000G>A,p.Ala334Thr,28.1674766937876,3.720048422585322,0.1320689269765434,missense,SNV,Epilepsy/DD,Uncertain significance,Transmembrane 7,Transmembrane,2,1000,G>A,G,A,SLC6A1,334,Ala,Thr,missense,0.28167476693787596
92,c.1531G>A,p.Val511Met,30.74335071044253,4.314699677499101,0.1403457846263171,missense,SNV,Epilepsy/DD,Conflicting,Transmembrane 11,Transmembrane,4,1531,G>A,G,A,SLC6A1,511,Val,Met,missense,0.3074335071044253
93,c.1256G>T,p.Arg419Leu,31.16644847399882,11.17241828104241,0.3584758234600649,missense,SNV,Unclear,Uncertain significance,Cytoplasmic 5,Cytoplasmic,1,1256,G>T,G,T,SLC6A1,419,Arg,Leu,missense,0.3116644847399882
94,c.493G>A,p.Asp165Asn,35.7078047175861,4.735263426433186,0.1326114406607883,missense,SNV,Unclear,Uncertain significance,Extracellular 2,Extracellular,1,493,G>A,G,A,SLC6A1,165,Asp,Asn,missense,0.357078047175861
95,c.1249C>T,p.Arg417Cys,36.47868497376269,2.148239951748515,0.05889027944109382,missense,SNV,Maybe Schizophrenia,Unclassified,Cytoplasmic 5,Cytoplasmic,1,1249,C>T,C,T,SLC6A1,417,Arg,Cys,missense,0.3647868497376269
96,c.806T>A,p.Leu269His,37.10840084931393,13.10354803499472,0.3531154060829593,missense,SNV,Unclear,Unclassified,Extracellular 3,Extracellular,1,806,T>A,T,A,SLC6A1,269,Leu,His,missense,0.37108400849313933
97,c.875T>C,p.Ile292Thr,37.26749307770591,12.32528328780601,0.330724775667275,missense,SNV,Unclear,Conflicting,Transmembrane 6,Transmembrane,1,875,T>C,T,C,SLC6A1,292,Ile,Thr,missense,0.3726749307770591
98,c.470C>T,p.Thr157Met,37.94041123229847,8.729421810035651,0.2300824246892807,missense,SNV,Unclear,Unclassified,Extracellular 2,Extracellular,1,470,C>T,C,T,SLC6A1,157,Thr,Met,missense,0.3794041123229847
99,c.784C>T,p.Pro262Ser,42.30633331618891,4.10985640060626,0.09714518083829272,missense,SNV,Epilepsy/DD,Likely benign,Extracellular 3,Extracellular,2,784,C>T,C,T,SLC6A1,262,Pro,Ser,missense,0.4230633331618891
100,c.1520T>C,p.Ile507Thr,44.19452286464088,12.31092719727936,0.2785622832717372,missense,SNV,Unclear,Uncertain significance,Transmembrane 11,Transmembrane,1,1520,T>C,T,C,SLC6A1,507,Ile,Thr,missense,0.4419452286464088
101,c.1024G>A,p.Val342Met,44.32959344111217,5.612468011776144,0.1266077032543012,missense,SNV,Epilepsy/DD,Pathogenic,Transmembrane 7,Transmembrane,9,1024,G>A,G,A,SLC6A1,342,Val,Met,missense,0.44329593441112175
102,c.533G>A,p.Ser178Asn,45.8489196125561,5.757973067882403,0.1255857960566978,missense,SNV,Unclear,Unclassified,Extracellular 2,Extracellular,1,533,G>A,G,A,SLC6A1,178,Ser,Asn,missense,0.45848919612556105
103,c.584G>A,p.Arg195His,46.33273233434796,11.63547387985135,0.2511285929758473,missense,SNV,Epilepsy/DD,Benign,Extracellular 2,Extracellular,2,584,G>A,G,A,SLC6A1,195,Arg,His,missense,0.4633273233434796
104,c.1255C>T,p.Arg419Cys,46.42593454756333,15.55519042830205,0.3350538999352995,missense,SNV,Epilepsy/DD,Uncertain significance,Cytoplasmic 5,Cytoplasmic,2,1255,C>T,C,T,SLC6A1,419,Arg,Cys,missense,0.4642593454756333
105,c.90G>C,p.Leu30Phe,46.61786036079708,12.38096883684196,0.2655842361923079,missense,SNV,Unclear,Unclassified,Cytoplasmic 1,Cytoplasmic,1,90,G>C,G,C,SLC6A1,30,Leu,Phe,missense,0.4661786036079708
106,c.52A>G,p.Ser18Gly,46.63163001174102,6.138057413158339,0.1316286265698386,missense,SNV,Unclear,Uncertain significance,Cytoplasmic 1,Cytoplasmic,1,52,A>G,A,G,SLC6A1,18,Ser,Gly,missense,0.46631630011741015
107,c.1303G>A,p.Gly435Ser,46.99114325155963,6.498354140046158,0.1382889134077511,missense,SNV,Unclear,Unclassified,Transmembrane 9,Transmembrane,1,1303,G>A,G,A,SLC6A1,435,Gly,Ser,missense,0.46991143251559625
108,c.1411A>G,p.Ile471Val,48.24290222174287,8.057077538260632,0.1670106309364892,missense,SNV,Unclear,Unclassified,Transmembrane 10,Transmembrane,1,1411,A>G,A,G,SLC6A1,471,Ile,Val,missense,0.48242902221742867
109,c.1394T​>C,p.Phe465Ser,48.64797655538152,5.163179308414314,0.1061334853780913,missense,SNV,Epilepsy/DD,Unclassified,Transmembrane 10,Transmembrane,2,1394,T​>C,T,C,SLC6A1,465,Phe,Ser,missense,0.48647976555381517
110,c.424G>A,p.Val142Ile,49.6465965739036,5.940375138193294,0.1196532199211378,missense,SNV,Unclear,Likely benign,Transmembrane 3,Transmembrane,2,424,G>A,G,A,SLC6A1,142,Val,Ile,missense,0.496465965739036
111,c.1579T>C,p.Tyr527His,50.25363123582901,5.101069278123279,0.1015064812766486,missense,SNV,Epilepsy/DD,Unclassified,Extracellular 6,Extracellular,1,1579,T>C,T,C,SLC6A1,527,Tyr,His,missense,0.5025363123582901
112,c.277G>A,p.Ala93Thr,50.50466525181353,17.43090212569378,0.3451344947795267,missense,SNV,Schizophrenia,Unclassified,Transmembrane 2,Transmembrane,1,277,G>A,G,A,SLC6A1,93,Ala,Thr,missense,0.5050466525181353
113,c.943A>G,p.Asn315Asp,51.55436749243346,19.995213163691,0.3878471240409586,missense,SNV,Unclear,Uncertain significance,Cytoplasmic 4,Cytoplasmic,1,943,A>G,A,G,SLC6A1,315,Asn,Asp,missense,0.5155436749243346
114,c.1021A>G,p.Ile341Val,51.99368235595171,9.42478664511809,0.1812679198329417,missense,SNV,Unclear,Unclassified,Transmembrane 7,Transmembrane,1,1021,A>G,A,G,SLC6A1,341,Ile,Val,missense,0.5199368235595171
115,c.1724A>T,p.Glu575Val,53.36184743924385,11.75151803852829,0.2202232231915922,missense,SNV,Unclear,Uncertain significance,Cytoplasmic 7,Cytoplasmic,1,1724,A>T,A,T,SLC6A1,575,Glu,Val,missense,0.5336184743924385
116,c.1563A>G,Silent/c.1563A>G,53.5429812254963,3.466144917263231,0.06473574757941773,synonymous,SNV,Unclear,Unclassified,Extracellular 6,Extracellular,1,1563,A>G,A,G,SLC6A1,1563,,"NA",synonymous,0.535429812254963
117,c.1256G>A,p.Arg419His,54.82661087254621,1.056262599862513,0.01926550963213785,missense,SNV,Unclear,Uncertain significance,Cytoplasmic 5,Cytoplasmic,1,1256,G>A,G,A,SLC6A1,419,Arg,His,missense,0.5482661087254621
118,c.589A>G,p.Met197Val,55.65662114908697,4.607831087602487,0.08279034897320706,missense,SNV,Unclear,Unclassified,Extracellular 2,Extracellular,1,589,A>G,A,G,SLC6A1,197,Met,Val,missense,0.5565662114908697
119,c.602C>G,p.Thr201Arg,56.99864086779186,6.660698598619953,0.1168571477707586,missense,SNV,Maybe Schizophrenia,Unclassified,Extracellular 2,Extracellular,1,602,C>G,C,G,SLC6A1,201,Thr,Arg,missense,0.5699864086779186
120,c.830G>A,p.Arg277His,57.45100131491233,13.13760134031419,0.228674888855316,missense,SNV,Unclear,Benign,Extracellular 3,Extracellular,1,830,G>A,G,A,SLC6A1,277,Arg,His,missense,0.5745100131491233
121,c.724T>G,p.Phe242Val,57.50584721793192,18.12086658416737,0.3151134616884104,missense,SNV,Epilepsy/DD,Unclassified,Transmembrane 5,Transmembrane,1,724,T>G,T,G,SLC6A1,242,Phe,Val,missense,0.5750584721793193
122,c.1663A>G,p.Met555Val,57.84249485407265,7.407892208234772,0.1280700672909026,missense,SNV,Unclear,Benign,Cytoplasmic 7,Cytoplasmic,1,1663,A>G,A,G,SLC6A1,555,Met,Val,missense,0.5784249485407265
123,c.1559C>T,p.Thr520Met,58.32045318916955,13.9124327131538,0.2385515192762155,missense,SNV,Unclear,Uncertain significance,Extracellular 6,Extracellular,1,1559,C>T,C,T,SLC6A1,520,Thr,Met,missense,0.5832045318916955
124,c.941A>G,p.Asn314Ser,59.89695601013668,11.62560227034365,0.1940933737663762,missense,SNV,Unclear,Unclassified,Cytoplasmic 4,Cytoplasmic,1,941,A>G,A,G,SLC6A1,314,Asn,Ser,missense,0.5989695601013668
125,c.1723G>A,p.Glu575Lys,61.28257941212063,7.816881099496046,0.1275547010991186,missense,SNV,Epilepsy/DD,Unclassified,Cytoplasmic 7,Cytoplasmic,1,1723,G>A,G,A,SLC6A1,575,Glu,Lys,missense,0.6128257941212063
126,c.583C>A,p.Arg195Ser,61.30977193759696,8.773451810954857,0.1431003824298148,missense,SNV,Epilepsy/DD,Unclassified,Extracellular 2,Extracellular,1,583,C>A,C,A,SLC6A1,195,Arg,Ser,missense,0.6130977193759697
127,c.623G>A,p.Gly208Asp,62.19374707010454,9.425555409695075,0.1515514959899526,missense,SNV,Maybe Schizophrenia,Unclassified,Extracellular 2,Extracellular,1,623,G>A,G,A,SLC6A1,208,Gly,Asp,missense,0.6219374707010454
128,c.583C>T,p.Arg195Cys,62.93023496910403,5.296693816190649,0.08416771077989924,missense,SNV,Maybe Schizophrenia,Unclassified,Extracellular 2,Extracellular,1,583,C>T,C,T,SLC6A1,195,Arg,Cys,missense,0.6293023496910403
129,c.1589C>T,p.Pro530Leu,63.116376466837,16.92975826924238,0.2682308335323673,missense,SNV,Epilepsy/DD,Unclassified,Extracellular 6,Extracellular,1,1589,C>T,C,T,SLC6A1,530,Pro,Leu,missense,0.63116376466837
130,c.1300A>T,p.Ile434Phe,63.92163740247677,9.711576071823819,0.1519294008486636,missense,SNV,Maybe Schizophrenia,Unclassified,Transmembrane 9,Transmembrane,1,1300,A>T,A,T,SLC6A1,434,Ile,Phe,missense,0.6392163740247677
131,c.1057A>G,p.Ile353Val,64.19105577884118,6.12128392536832,0.0953603870679135,missense,SNV,Epilepsy/DD,Unclassified,Extracellular 4,Extracellular,1,1057,A>G,A,G,SLC6A1,353,Ile,Val,missense,0.6419105577884118
132,c.55G>C,p.Glu19Gln,64.65213091379984,9.649238544358473,0.1492485770843922,missense,SNV,Epilepsy/DD,Unclassified,Cytoplasmic 1,Cytoplasmic,1,55,G>C,G,C,SLC6A1,19,Glu,Gln,missense,0.6465213091379983
133,c.770G>A,p.Arg257His,65.81759993737849,14.7787127462082,0.2245404384278561,missense,SNV,Maybe Schizophrenia,Unclassified,Extracellular 3,Extracellular,1,770,G>A,G,A,SLC6A1,257,Arg,His,missense,0.6581759993737849
134,c.658A>G,p.Ile220Val,66.64727809751083,16.64835013601713,0.2497979003982597,missense,SNV,Unclear,Uncertain significance,Transmembrane 4,Transmembrane,1,658,A>G,A,G,SLC6A1,220,Ile,Val,missense,0.6664727809751083
135,c.1250G>A,p.Arg417His,68.87082321861799,6.717452685947718,0.09753698840834787,missense,SNV,Benign,Conflicting,Cytoplasmic 5,Cytoplasmic,2,1250,G>A,G,A,SLC6A1,417,Arg,His,missense,0.6887082321861798
136,c.1797C>G,p.Ile599Met,69.29418615360412,12.01280264713463,0.1733594593420277,missense,SNV,Unclear,Unclassified,Cytoplasmic 7,Cytoplasmic,1,1797,C>G,C,G,SLC6A1,599,Ile,Met,missense,0.6929418615360412
137,c.127G>C,p.Asp43His,69.90466010013841,19.35235323937518,0.2768392437879383,missense,SNV,Maybe Schizophrenia,Unclassified,Cytoplasmic 1,Cytoplasmic,1,127,G>C,G,C,SLC6A1,43,Asp,His,missense,0.6990466010013842
138,c.994A>G,p.Met332Val,70.04096165184441,2.336330645033029,0.03335663288928452,missense,SNV,Unclear,Unclassified,Transmembrane 7,Transmembrane,1,994,A>G,A,G,SLC6A1,332,Met,Val,missense,0.7004096165184441
139,c.1213A>G,p.Ile405Val,71.97074006458553,17.72137836598532,0.2462303201284634,missense,SNV,Unclear,Uncertain significance,Cytoplasmic 5,Cytoplasmic,1,1213,A>G,A,G,SLC6A1,405,Ile,Val,missense,0.7197074006458553
140,c.283G>T,p.Val95Phe,72.09862943374769,5.691027670026856,0.07893392308180298,missense,SNV,Epilepsy/DD,Unclassified,Transmembrane 2,Transmembrane,1,283,G>T,G,T,SLC6A1,95,Val,Phe,missense,0.7209862943374769
141,c.737A>G,p.Tyr246Cys,72.36269674651506,7.665064153739442,0.1059256287889601,missense,SNV,Unclear,Unclassified,Transmembrane 5,Transmembrane,1,737,A>G,A,G,SLC6A1,246,Tyr,Cys,missense,0.7236269674651505
142,c.986G>T,p.Cys329Phe,72.64421862931367,9.186295167753121,0.1264559704968212,missense,SNV,Unclear,Unclassified,Transmembrane 7,Transmembrane,1,986,G>T,G,T,SLC6A1,329,Cys,Phe,missense,0.7264421862931367
143,c.1516A>G,p.Ile506Val,73.52220167476516,9.895828450228594,0.1345964650787262,missense,SNV,Unclear,Uncertain significance,Transmembrane 11,Transmembrane,1,1516,A>G,A,G,SLC6A1,506,Ile,Val,missense,0.7352220167476515
144,c.829C>T,p.Arg277Cys,73.97943346344061,16.42904539219393,0.2220758476112538,missense,SNV,Unclear,Unclassified,Extracellular 3,Extracellular,1,829,C>T,C,T,SLC6A1,277,Arg,Cys,missense,0.7397943346344061
145,c.606C>G,p.Asp202Glu,74.07548963585802,13.2346322525959,0.1786641211236673,missense,SNV,Unclear,Benign,Extracellular 2,Extracellular,1,606,C>G,C,G,SLC6A1,202,Asp,Glu,missense,0.7407548963585802
146,c.939C>A,p.His313Gln,75.03742446844576,18.41251021584822,0.245377694480851,missense,SNV,Epilepsy/DD,Unclassified,Cytoplasmic 4,Cytoplasmic,1,939,C>A,C,A,SLC6A1,313,His,Gln,missense,0.7503742446844577
147,c.1436G>A,p.Arg479Gln,75.4984754266701,16.12222354722731,0.2135436968245332,missense,SNV,Epilepsy/DD,Uncertain significance,Cytoplasmic 6,Cytoplasmic,2,1436,G>A,G,A,SLC6A1,479,Arg,Gln,missense,0.754984754266701
148,c.1343A>G,p.Lys448Arg,76.37858158231928,7.648217894126468,0.1001356366625292,missense,SNV,Epilepsy/DD,Uncertain significance,Transmembrane 10,Transmembrane,1,1343,A>G,A,G,SLC6A1,448,Lys,Arg,missense,0.7637858158231928
149,c.1292C​>G,p.Ser431Cys,77.34643289382281,4.065448525616492,0.05256155162575279,missense,SNV,Unclear,Unclassified,Transmembrane 9,Transmembrane,1,1292,C​>G,C,G,SLC6A1,431,Ser,Cys,missense,0.773464328938228
150,c.99G>T,p.Lys33Asn,77.6552316742397,9.74134758465462,0.1254435454589737,missense,SNV,Epilepsy/DD,Unclassified,Cytoplasmic 1,Cytoplasmic,1,99,G>T,G,T,SLC6A1,33,Lys,Asn,missense,0.776552316742397
151,c.767T>C,p.Phe256Ser,77.89245047592792,9.51157123070725,0.1221115932621318,missense,SNV,Unclear,Uncertain significance,Transmembrane 5,Transmembrane,1,767,T>C,T,C,SLC6A1,256,Phe,Ser,missense,0.7789245047592792
152,c.37A>G,p.Ile13Val,78.50051132054152,14.75260888450691,0.1879300992609782,missense,SNV,Unclear,Uncertain significance,Cytoplasmic 1,Cytoplasmic,1,37,A>G,A,G,SLC6A1,13,Ile,Val,missense,0.7850051132054152
153,c.931T>C,p.Ser311Pro,81.59171759708647,7.365363192485304,0.09027096633578297,missense,SNV,Unclear,Unclassified,Cytoplasmic 4,Cytoplasmic,1,931,T>C,T,C,SLC6A1,311,Ser,Pro,missense,0.8159171759708648
154,c.1732G>A,p.Val578Ile,81.88494724657583,5.621276416050335,0.06864847087369161,missense,SNV,Benign,Benign,Cytoplasmic 7,Cytoplasmic,1,1732,G>A,G,A,SLC6A1,578,Val,Ile,missense,0.8188494724657583
155,c.1793A>G,p.Tyr598Cys,82.08459810318617,6.653153737151375,0.08105240070479347,missense,SNV,Maybe Schizophrenia,Unclassified,Cytoplasmic 7,Cytoplasmic,1,1793,A>G,A,G,SLC6A1,598,Tyr,Cys,missense,0.8208459810318617
156,c.987C>T,Silent/c.987C>T,82.34453484080736,10.48098226092951,0.1272820628738978,synonymous,SNV,Benign,Likely benign,Transmembrane 7,Transmembrane,1,987,C>T,C,T,SLC6A1,987,,"NA",synonymous,0.8234453484080736
157,c.541A>C,p.Asn181His,83.17740273351099,10.11866575958787,0.1216516196352835,missense,SNV,Unclear,Unclassified,Extracellular 2,Extracellular,1,541,A>C,A,C,SLC6A1,181,Asn,His,missense,0.8317740273351099
158,c.480G>T,Silent/c.480G>T,83.50458209666347,7.111448742199852,0.08516237748448056,synonymous,SNV,Unclear,Conflicting,Extracellular 2,Extracellular,1,480,G>T,G,T,SLC6A1,480,,"NA",synonymous,0.8350458209666347
159,c.535A>G,p.Met179Val,86.77742203942456,6.310946249531344,0.07272567104683252,missense,SNV,Unclear,Benign,Extracellular 2,Extracellular,1,535,A>G,A,G,SLC6A1,179,Met,Val,missense,0.8677742203942457
160,c.1484G>T,p.Trp495Leu,87.54729806152986,7.022672455100597,0.08021575320536943,missense,SNV,Schizophrenia,Unclassified,Cytoplasmic 6,Cytoplasmic,1,1484,G>T,G,T,SLC6A1,495,Trp,Leu,missense,0.8754729806152985
161,c.700G>A,p.Gly234Ser,88.58751942574317,17.17006611299826,0.1938203736181003,missense,SNV,Epilepsy/DD,Unclassified,Cytoplasmic 3,Cytoplasmic,1,700,G>A,G,A,SLC6A1,234,Gly,Ser,missense,0.8858751942574317
162,c.129C>A,p.Asp43Glu,89.82162797205613,7.47670210288138,0.08323944100865564,missense,SNV,Unclear,Unclassified,Cytoplasmic 1,Cytoplasmic,1,129,C>A,C,A,SLC6A1,43,Asp,Glu,missense,0.8982162797205614
163,c.1656G>A,p.Met552Ile,90.39711317190685,14.45911506752561,0.159951071004103,missense,SNV,Unclear,Unclassified,Transmembrane 12,Transmembrane,1,1656,G>A,G,A,SLC6A1,552,Met,Ile,missense,0.9039711317190685
164,c.1738C>T,p.Pro580Ser,90.94897245007347,13.47556740662436,0.1481662413945555,missense,SNV,Epilepsy/DD,Benign,Cytoplasmic 7,Cytoplasmic,2,1738,C>T,C,T,SLC6A1,580,Pro,Ser,missense,0.9094897245007347
165,c.1034T>C,p.Met345Thr,91.80443793958084,14.59058194865141,0.1589311178861952,missense,SNV,Unclear,Uncertain significance,Extracellular 4,Extracellular,1,1034,T>C,T,C,SLC6A1,345,Met,Thr,missense,0.9180443793958084
166,c.1722C>G,p.Ser574Arg,92.92134115469246,19.85209532927655,0.2136440895340439,missense,SNV,Epilepsy/DD,Uncertain significance,Cytoplasmic 7,Cytoplasmic,1,1722,C>G,C,G,SLC6A1,574,Ser,Arg,missense,0.9292134115469246
167,c.1790C>A,p.Ala597Asp,94.46917923863462,17.77202174543832,0.188125078344813,missense,SNV,Unclear,Unclassified,Cytoplasmic 7,Cytoplasmic,1,1790,C>A,C,A,SLC6A1,597,Ala,Asp,missense,0.9446917923863463
168,c.1673C>A,p.Thr558Asn,99.83904592141528,6.484873753084583,0.06495328248818522,missense,SNV,Unclear,Unclassified,Cytoplasmic 7,Cytoplasmic,1,1673,C>A,C,A,SLC6A1,558,Thr,Asn,missense,0.9983904592141528
169,c.1477T>C,p.Cys493Arg,105.4061908646182,14.20417088799334,0.1347565145033741,missense,SNV,Epilepsy/DD,Unclassified,Cytoplasmic 6,Cytoplasmic,1,1477,T>C,T,C,SLC6A1,493,Cys,Arg,missense,1.054061908646182
170,c.152T>A,p.Phe51Tyr,107.7940558487159,10.00901973824409,0.09285316949471963,missense,SNV,Unclear,Uncertain significance,Cytoplasmic 1,Cytoplasmic,1,152,T>A,T,A,SLC6A1,51,Phe,Tyr,missense,1.077940558487159
171,c.605A>G,p.Asp202Gly,110.5985368153615,14.1208250990601,0.12767641874534091,missense,SNV,Unclear,Unclassified,Extracellular 2,Extracellular,1,605,A>G,A,G,SLC6A1,202,Asp,Gly,missense,1.105985368153615
172,c.837G>C,Silent/c.837G>C,114.308459885437,18.25749869297724,0.1597213251869144,synonymous,SNV,Unclear,Likely benign,Extracellular 3,Extracellular,1,837,G>C,G,C,SLC6A1,837,,"NA",synonymous,1.14308459885437
173,c.966C>G,p.Ile322Met,124.1813897981966,17.82080174516101,0.1435062192017745,missense,SNV,Epilepsy/DD,Unclassified,Transmembrane 7,Transmembrane,1,966,C>G,C,G,SLC6A1,322,Ile,Met,missense,1.241813897981966
174,c.960C>T,Silent/c.960C>T,127.8455571796919,8.423228653955217,0.06588597085244066,synonymous,SNV,Benign,Benign,Cytoplasmic 4,Cytoplasmic,1,960,C>T,C,T,SLC6A1,960,,"NA",synonymous,1.278455571796919
175,c.1747G>C,p.Gly583Arg,127.9609051346372,31.79581571923449,0.2484807034287523,missense,SNV,Unclear,Benign,Cytoplasmic 7,Cytoplasmic,1,1747,G>C,G,C,SLC6A1,583,Gly,Arg,missense,1.279609051346372
176,c.780G>A,Silent/c.780G>A,130.5338433367212,22.64444423940006,0.1734756570446419,synonymous,SNV,Benign,Benign,Extracellular 3,Extracellular,1,780,G>A,G,A,SLC6A1,780,,"NA",synonymous,1.305338433367212
177,c.271A>G,p.Ile91Val,142.8409964330452,22.96635433017114,0.1607826527654917,missense,SNV,Unclear,Uncertain significance,Transmembrane 2,Transmembrane,1,271,A>G,A,G,SLC6A1,91,Ile,Val,missense,1.428409964330452
178,c.1681G>A,p.Gly561Ser,150.9818411523228,22.80416653165744,0.151039133962148,missense,SNV,Unclear,Uncertain significance,Cytoplasmic 7,Cytoplasmic,1,1681,G>A,G,A,SLC6A1,561,Gly,Ser,missense,1.509818411523228
179,c.144G>T,p.Lys48Asn,152.6682160069204,48.43082171067091,0.3172292372138256,missense,SNV,Unclear,Uncertain significance,Cytoplasmic 1,Cytoplasmic,1,144,G>T,G,T,SLC6A1,48,Lys,Asn,missense,1.526682160069204
