ID,Transcript,Gene,Chr,Genomic_pos,Original_cDNA_change,cDNA_pos,cDNA_ref,cDNA_alt,Transcript_pos,Direction,Allele,Codon_pos,Codon_ref,Codon_alt,Original_AA_change,AA_pos,AA_ref,AA_alt,Aln_pos,Vartype,Inheritance,Functional Consequence,Published_in,Cohort,Previously published,Sex,Family History of Neurologic or Psychiatric disorders,Age at Inclusion (years),Epilepsy,Age at seizure onset (months),Non-Convulsive Status,Focal Sz,GTC,Eyelid Myoclonia,Atonic,Myoclonic,ADHD,Aggression,Autistic traits,Movement Disorder,Hypotonia,Ataxia,Absence or Atypical Absence,Epilepsy Syndrome Classification,Cognitive level BEFORE seizure onset,Cognitive Level AFTER Seizure Onset,EEG,ACMG_classification,ACMG_intervar,intervar_output,Func.refGene,CADD_phred
1,ENST00000287766,SLC6A1,3,11058928,c.31G>A,31,G,A,t.452,+,G,1,Ggg,Cgg,p.Gly11Arg,11,G,R,11,Missense,de novo,NA,NA,Filadelfia Genetics,No,Male,No,9.4,No,NA,NA,NA,NA,NA,NA,NA,No,No,Yes,No,NA,No,NA,NA,NA,Moderate DD/ID,Not done,Likely pathogenic,VUS,"InterVar: Uncertain significance PVS1=0 PS=[0, 0, 0, 0, 0] PM=[1, 1, 0, 0, 0, 0, 0] PP=[0, 0, 0, 0, 0, 0] BA1=0 BS=[0, 0, 0, 0, 0] BP=[0, 0, 0, 0, 0, 0, 0, 0]",exonic,24.3
2,ENST00000287766,SLC6A1,3,11058952,c.55G>C,55,G,C,t.476,+,G,1,Gag,Cag,p.Glu19Gln,19,E,Q,19,Missense,NA,NA,"Epi25 Collaborative, 2019","Epi25 Collaborative, 2019",Yes,NA,NA,NA,Yes,NA,NA,NA,NA,NA,NA,NA,NA,NA,No,NA,NA,NA,NA,GGE,NA,NA,NA,NA,VUS,"InterVar: Uncertain significance PVS1=0 PS=[0, 0, 0, 0, 0] PM=[1, 1, 0, 0, 0, 0, 0] PP=[0, 0, 0, 0, 0, 0] BA1=0 BS=[0, 0, 0, 0, 0] BP=[0, 0, 0, 0, 0, 0, 0, 0]",exonic,22.1
3,ENST00000287766,SLC6A1,3,11058996,c.99G>T,99,G,T,t.520,+,G,3,aaG,aaT,p.Lys33Asn,33,K,N,33,Missense,NA,NA,"Epi25 Collaborative, 2019","Epi25 Collaborative, 2019",Yes,NA,NA,NA,Yes,NA,NA,NA,NA,NA,NA,NA,NA,NA,No,NA,NA,NA,NA,NAFE,NA,NA,NA,NA,VUS,"InterVar: Uncertain significance PVS1=0 PS=[0, 0, 0, 0, 0] PM=[1, 1, 0, 0, 0, 0, 0] PP=[0, 0, 0, 0, 0, 0] BA1=0 BS=[0, 0, 0, 0, 0] BP=[0, 0, 0, 1, 0, 0, 0, 0]",exonic,17.3
4,NA,SLC6A1,3,11059001,c.104dupA,104,A,NA,NA,NA,NA,NA,NA,NA,p.Lys36GluFs*171,36,K,NA,NA,PTV,de novo,NA,"Johannesen et al., 2018","Johanensen et al., 2018",Yes,Female,No,6,Yes,5,No,No,No,Yes,Yes,No,NA,NA,NA,No,Yes,No,Yes,CAE,NA,Moderate DD/ID,Bioccipital background slowing and Generalized spike-and-slow-wave,Pathogenic,NA,NA,NA,NA
5,ENST00000287766,SLC6A1,3,11059027,c.130C>T,130,C,T,t.551,+,C,1,Cgg,Tgg,p.Arg44Trp,44,R,W,44,Missense,NA,NA,"Kim et al., 2019","Kim et al., 2019",Yes,Male,Yes,9.3,NA,28,No,No,No,NA,No,No,NA,NA,No,NA,NA,NA,Yes,Unclassified epilepsy,NA,Learning disability,Generalized spike-and-slow-waves,Likely pathogenic,Likely pathogenic,"InterVar: Likely pathogenic PVS1=0 PS=[0, 0, 0, 0, 0] PM=[1, 1, 0, 0, 0, 0, 0] PP=[0, 0, 1, 0, 1, 0] BA1=0 BS=[0, 0, 0, 0, 0] BP=[0, 0, 0, 0, 0, 0, 0, 0]",exonic,25.8
6,ENST00000287766,SLC6A1,3,11059028,c.131G>A,131,G,A,t.552,+,G,2,cGg,cAg,p.Arg44Gln,44,R,Q,44,Missense,de novo,NA,SLC6A1-Connect,SLC6A1-Connect,Yes,NA,NA,4,NA,NA,NA,NA,NA,NA,NA,NA,NA,NA,Yes,NA,NA,NA,NA,NA,NA,NA,Rare occipital rhytmic delta slowing,NA,Likely pathogenic,"InterVar: Likely pathogenic PVS1=0 PS=[0, 0, 0, 0, 0] PM=[1, 1, 0, 0, 0, 0, 0] PP=[0, 0, 1, 0, 1, 0] BA1=0 BS=[0, 0, 0, 0, 0] BP=[0, 0, 0, 0, 0, 0, 0, 0]",exonic,27.6
7,ENST00000287766,SLC6A1,3,11059051,c.154G>A,154,G,A,t.575,+,G,1,Gac,Aac,p.Asp52Asn,52,D,N,52,Missense,de novo,NA,SLC6A1-Connect,SLC6A1-Connect,Yes,NA,No,10,Yes,48,No,No,No,No,No,No,NA,NA,NA,No,No,No,Yes,Unclassified epilepsy,NA,Mild DD/ID,"Bifrontal 3-Hz spike-and-slow-waves

",NA,VUS,"InterVar: Uncertain significance PVS1=0 PS=[0, 0, 0, 0, 0] PM=[1, 1, 0, 0, 0, 0, 0] PP=[0, 0, 1, 0, 0, 0] BA1=0 BS=[0, 0, 0, 0, 0] BP=[0, 0, 0, 0, 0, 0, 0, 0]",exonic,27.4
8,ENST00000287766,SLC6A1,3,11059057,c.160C>T,160,C,T,t.581,+,C,1,Ctc,Ttc,p.Leu54Phe,54,L,F,54,Missense,NA,NA,"Satterstorm et al., 2018","Satterstorm et al., 2018",Yes,Male,NA,NA,NA,NA,NA,NA,NA,NA,NA,NA,NA,NA,Yes,NA,NA,NA,NA,NA,NA,NA,NA,NA,VUS,"InterVar: Uncertain significance PVS1=0 PS=[0, 0, 0, 0, 0] PM=[1, 1, 0, 0, 0, 0, 0] PP=[0, 0, 1, 0, 0, 0] BA1=0 BS=[0, 0, 0, 0, 0] BP=[0, 0, 0, 0, 0, 0, 0, 0]",exonic,26
9,ENST00000287766,SLC6A1,3,11059096,c.199G>A,199,G,A,t.620,+,G,1,Gtc,Atc,p.Val67Ile,67,V,I,67,Missense,de novo,NA,NA,Filadelfia Genetics,No,Male,No,6.1,Yes,12,N,N,Yes,N,N,N,No,Yes,No,No,No,No,Yes,CAE,Normal,Normal,NA,Pathogenic,VUS,"InterVar: Uncertain significance PVS1=0 PS=[0, 0, 0, 0, 0] PM=[1, 1, 0, 0, 0, 0, 0] PP=[0, 0, 1, 0, 0, 0] BA1=0 BS=[0, 0, 0, 0, 0] BP=[0, 0, 0, 0, 0, 0, 0, 0]",exonic,24.2
10,ENST00000287766,SLC6A1,3,11059120,c.223G>A,223,G,A,t.644,+,G,1,Ggg,Cgg,p.Gly75Arg,75,G,R,75,Missense,de novo,NA,NA,Filadelfia Genetics,No,Male,No,1,Yes,5,No,No,No,No,Yes,Yes,No,No,No,No,No,No,Yes,EMAS,Normal,Normal,NA,Pathogenic,VUS,"InterVar: Uncertain significance PVS1=0 PS=[0, 0, 0, 0, 0] PM=[1, 1, 0, 0, 0, 0, 0] PP=[0, 0, 0, 0, 1, 0] BA1=0 BS=[0, 0, 0, 0, 0] BP=[0, 0, 0, 0, 0, 0, 0, 0]",exonic,23.6
11,ENST00000287766,SLC6A1,3,11059120,c.223G>A,223,G,A,t.644,+,G,1,Ggg,Cgg,p.Gly75Arg,75,G,R,75,Missense,NA,NA,"Truty et al., 2019","Truty et al., 2019",Yes,NA,NA,NA,Yes,NA,NA,NA,NA,NA,NA,NA,NA,NA,NA,NA,NA,NA,NA,NA,NA,NA,NA,NA,VUS,"InterVar: Uncertain significance PVS1=0 PS=[0, 0, 0, 0, 0] PM=[1, 1, 0, 0, 0, 0, 0] PP=[0, 0, 0, 0, 1, 0] BA1=0 BS=[0, 0, 0, 0, 0] BP=[0, 0, 0, 0, 0, 0, 0, 0]",exonic,23.6
12,ENST00000287766,SLC6A1,3,11059120,c.223G>A,223,G,A,t.644,+,G,1,Ggg,Cgg,p.Gly75Arg,75,G,R,75,Missense,NA,NA,"Epi25 Collaborative, 2019","Epi25 Collaborative, 2019",Yes,NA,NA,NA,Yes,NA,NA,NA,NA,NA,NA,NA,NA,NA,No,NA,NA,NA,NA,GGE,NA,NA,NA,NA,VUS,"InterVar: Uncertain significance PVS1=0 PS=[0, 0, 0, 0, 0] PM=[1, 1, 0, 0, 0, 0, 0] PP=[0, 0, 0, 0, 1, 0] BA1=0 BS=[0, 0, 0, 0, 0] BP=[0, 0, 0, 0, 0, 0, 0, 0]",exonic,23.6
13,ENST00000287766,SLC6A1,3,11059120,c.223G>A,223,G,A,t.644,+,G,1,Ggg,Cgg,p.Gly75Arg,75,G,R,75,Missense,de novo,NA,"Johannesen et al., 2018","Johanensen et al., 2018",Yes,Male,Yes,13,Yes,48,No,No,No,No,No,No,No,No,No,No,No,Yes,Yes,Unclassified epilepsy,NA,Mild DD/ID,Generalized atypical spike-and-slow-wave,NA,VUS,"InterVar: Uncertain significance PVS1=0 PS=[0, 0, 0, 0, 0] PM=[1, 1, 0, 0, 0, 0, 0] PP=[0, 0, 0, 0, 1, 0] BA1=0 BS=[0, 0, 0, 0, 0] BP=[0, 0, 0, 0, 0, 0, 0, 0]",exonic,23.6
14,ENST00000287766,SLC6A1,3,11059123,c.226A>G,226,A,G,t.647,+,A,1,Aaa,Gaa,p.Lys76Glu,76,K,E,76,Missense,de novo,NA,SLC6A1-Connect,SLC6A1-Connect,Yes,Female,No,2.9,Yes,18,No,No,No,Yes,Yes,Yes,No,No,No,No,No,Yes,No,EMAS,Mild DD/ID,Mild DD/ID,"Generalized 2.5-4-Hz spike-and-slow-waves,  Bifronto-temporal (poly) spike-and-slow-waves,  and Bioccipito-parieto-centrotemporal delta/theta slowing",NA,VUS,"InterVar: Uncertain significance PVS1=0 PS=[0, 0, 0, 0, 0] PM=[1, 1, 0, 0, 0, 0, 0] PP=[0, 0, 1, 0, 0, 0] BA1=0 BS=[0, 0, 0, 0, 0] BP=[0, 0, 0, 0, 0, 0, 0, 0]",exonic,27.6
15,ENST00000287766,SLC6A1,3,11059133,c.236G>T,236,G,T,t.657,+,G,2,gGg,gTg,p.Gly79Val,79,G,V,79,Missense,NA,NA,SLC6A1-Connect,SLC6A1-Connect,Yes,NA,No,26,Yes,NA,No,No,No,No,Yes,Yes,No,No,No,No,No,No,NA,EMAS,NA,NA,Generalized spike-and-slow-waves and Generalized intermittent slowing,NA,Likely pathogenic,"InterVar: Likely pathogenic PVS1=0 PS=[0, 0, 0, 0, 0] PM=[1, 1, 0, 0, 0, 0, 0] PP=[0, 0, 1, 0, 1, 0] BA1=0 BS=[0, 0, 0, 0, 0] BP=[0, 0, 0, 0, 0, 0, 0, 0]",exonic,31
16,ENST00000287766,SLC6A1,3,11059567,c.277G>A,277,G,A,t.698,+,G,1,Gcg,Acg,p.Ala93Thr,93,A,T,93,Missense,de novo,NA,"Rees et al., 2020","Rees et al., 2020",Yes,Female,Yes,NA,NA,NA,No,No,No,No,No,No,No,No,No,No,No,No,No,NA,Normal,Normal,NA,NA,VUS,"InterVar: Uncertain significance PVS1=0 PS=[0, 0, 0, 0, 0] PM=[1, 1, 0, 0, 0, 0, 0] PP=[0, 0, 1, 0, 0, 0] BA1=0 BS=[0, 0, 0, 0, 0] BP=[0, 0, 0, 0, 0, 0, 0, 0]",exonic,26.7
17,ENST00000287766,SLC6A1,3,11059571,c.281G>A,281,G,A,t.702,+,G,2,gGg,gAg,p.Gly94Glu,94,G,E,94,Missense,NA,NA,"Mattison et al., 2018","Mattison et al., 2018",Yes,Female,NA,NA,NA,NA,NA,NA,NA,NA,NA,NA,NA,NA,NA,NA,NA,NA,NA,NA,NA,NA,NA,NA,Likely pathogenic,"InterVar: Likely pathogenic PVS1=0 PS=[0, 0, 0, 0, 0] PM=[1, 1, 0, 0, 0, 0, 0] PP=[0, 0, 1, 0, 1, 0] BA1=0 BS=[0, 0, 0, 0, 0] BP=[0, 0, 0, 0, 0, 0, 0, 0]",exonic,26.5
18,ENST00000287766,SLC6A1,3,11059573,c.283G>T,283,G,T,t.704,+,G,1,Gtc,Ttc,p.Val95Phe,95,V,F,95,Missense,inherited,NA,SLC6A1-Connect,SLC6A1-Connect,Yes,NA,Yes,10,Yes,15,No,Yes,No,No,No,No,Yes,No,No,No,Yes,No,No,NAFE,Mild DD/ID,Mild DD/ID,"Initial: Normal, follow-up: Bioccipitopartial and Posterior-temporal 3-4 Hz spike-and-slow-waves",NA,VUS,"InterVar: Uncertain significance PVS1=0 PS=[0, 0, 0, 0, 0] PM=[1, 1, 0, 0, 0, 0, 0] PP=[0, 0, 0, 0, 0, 0] BA1=0 BS=[0, 0, 0, 0, 0] BP=[0, 0, 0, 0, 0, 0, 0, 0]",exonic,24.4
19,ENST00000287766,SLC6A1,3,11059576,c.286C>G,286,C,G,t.707,+,C,1,Cca,Gca,p.Pro96Ala,96,P,A,96,Missense,paternal,NA,NA,Filadelfia Genetics,No,Male,Yes,14,Yes,36,No,No,No,No,No,No,No,No,No,Yes,No,No,Yes,CAE,Normal,Moderate DD/ID,NA,Pathogenic,VUS,"InterVar: Uncertain significance PVS1=0 PS=[0, 0, 0, 0, 0] PM=[1, 1, 0, 0, 0, 0, 0] PP=[0, 0, 1, 0, 0, 0] BA1=0 BS=[0, 0, 0, 0, 0] BP=[0, 0, 0, 0, 0, 0, 0, 0]",exonic,24.8
20,ENST00000287766,SLC6A1,3,11059592,c.302A>G,302,A,G,t.723,+,A,2,gAg,gGg,p.Glu101Gly,101,E,G,101,Missense,NA,NA,SLC6A1-Connect,SLC6A1-Connect,Yes,NA,No,3.5,NA,30,No,No,No,No,Yes,No,No,No,Yes,NA,NA,NA,Yes,NA,Normal,Mild DD/ID,NA,NA,VUS,"InterVar: Uncertain significance PVS1=0 PS=[0, 0, 0, 0, 0] PM=[1, 1, 0, 0, 0, 0, 0] PP=[0, 0, 1, 0, 0, 0] BA1=0 BS=[0, 0, 0, 0, 0] BP=[0, 0, 0, 0, 0, 0, 0, 0]",exonic,29.7
21,ENST00000287766,SLC6A1,3,11059607,c.317A>G,317,A,G,t.738,+,A,2,cAg,cGg,p.Gln106Arg,106,Q,R,106,Missense,NA,NA,SLC6A1-Connect,SLC6A1-Connect,Yes,NA,Yes,9,NA,NA,NA,NA,NA,NA,NA,NA,No,Yes,No,No,Yes,No,NA,NA,NA,Moderate DD/ID,NA,NA,Likely pathogenic,"InterVar: Likely pathogenic PVS1=0 PS=[0, 0, 0, 0, 0] PM=[1, 1, 0, 0, 0, 0, 0] PP=[0, 0, 1, 0, 1, 0] BA1=0 BS=[0, 0, 0, 0, 0] BP=[0, 0, 0, 0, 0, 0, 0, 0]",exonic,25.4
22,NA,SLC6A1,3,11059620,c.330del,330,C,NA,NA,NA,NA,NA,NA,NA,p.Ile110Metfs*4,110,I,NA,NA,PTV,de novo,NA,SLC6A1-Connect,SLC6A1-Connect,Yes,Female,No,17,No,NA,No,No,No,No,No,No,No,No,Yes,No,No,No,No,No seizures,NA,Severe DD/ID,NA,Pathogenic,NA,NA,NA,NA
23,ENST00000287766,SLC6A1,3,11059621,c.331G>C,331,G,C,t.752,+,G,1,Ggg,Cgg,p.Gly111Arg,111,G,R,111,Missense,NA,NA,"Epi25 Collaborative, 2019","Epi25 Collaborative, 2019",Yes,NA,NA,NA,Yes,NA,NA,NA,NA,NA,NA,NA,NA,NA,No,NA,NA,NA,NA,DEE,NA,NA,NA,NA,VUS,"InterVar: Uncertain significance PVS1=0 PS=[0, 0, 0, 0, 0] PM=[1, 1, 0, 0, 0, 0, 0] PP=[0, 0, 1, 0, 0, 0] BA1=0 BS=[0, 0, 0, 0, 0] BP=[0, 0, 0, 0, 0, 0, 0, 0]",exonic,27
24,ENST00000287766,SLC6A1,3,11059621,c.331G>A,331,G,A,t.752,+,G,1,Ggg,Cgg,p.Gly111Arg,111,G,R,111,Missense,de novo,NA,SLC6A1-Connect,SLC6A1-Connect,Yes,NA,NA,2,No,NA,No,No,No,No,No,No,No,No,No,No,Yes,No,No,No seizures,NA,NA,Normal,NA,VUS,"InterVar: Uncertain significance PVS1=0 PS=[0, 0, 0, 0, 0] PM=[1, 1, 0, 0, 0, 0, 0] PP=[0, 0, 1, 0, 0, 0] BA1=0 BS=[0, 0, 0, 0, 0] BP=[0, 0, 0, 0, 0, 0, 0, 0]",exonic,27.7
25,ENST00000287766,SLC6A1,3,11059622,c.332G>A,332,G,A,t.753,+,G,2,gGg,gAg,p.Gly111Glu,111,G,E,111,Missense,NA,NA,"Epi25 Collaborative, 2019","Epi25 Collaborative, 2019",Yes,NA,NA,NA,Yes,NA,NA,NA,NA,NA,NA,NA,NA,NA,No,NA,NA,NA,NA,GGE,NA,NA,NA,NA,VUS,"InterVar: Uncertain significance PVS1=0 PS=[0, 0, 0, 0, 0] PM=[1, 1, 0, 0, 0, 0, 0] PP=[0, 0, 1, 0, 0, 0] BA1=0 BS=[0, 0, 0, 0, 0] BP=[0, 0, 0, 0, 0, 0, 0, 0]",exonic,26.5
26,ENST00000287766,SLC6A1,3,11059630,c.340G>A,340,G,A,t.761,+,G,1,Ggg,Cgg,p.Gly114Arg,114,G,R,114,Missense,NA,NA,NA,Filadelfia Genetics,No,Female,Yes,1,No,NA,NA,NA,NA,NA,NA,NA,NA,NA,NA,Yes,NA,Yes,NA,NA,NA,Mild DD/ID,NA,VUS,VUS,"InterVar: Uncertain significance PVS1=0 PS=[0, 0, 0, 0, 0] PM=[1, 1, 0, 0, 0, 0, 0] PP=[0, 0, 1, 0, 0, 0] BA1=0 BS=[0, 0, 0, 0, 0] BP=[0, 0, 0, 0, 0, 0, 0, 0]",exonic,27.9
27,NA,SLC6A1,3,NA,c.365_370+6delTCAAGGGTAAGT,365,NA,NA,NA,NA,NA,NA,NA,NA,p.Phe122_Gly124delinsCys,122,F,NA,NA,INDEL,NA,NA,NA,"Filadelfia Genetics From Artem Borovikov, I reached out to him to try to get additional. info.",No,NA,NA,NA,NA,NA,NA,NA,NA,NA,NA,NA,NA,NA,NA,NA,NA,NA,NA,NA,NA,NA,NA,NA,NA,NA,NA,NA
28,ENST00000287766,SLC6A1,3,11060328,c.415T>C,415,T,C,t.836,+,T,1,Tac,Cac,p.Tyr139His,139,Y,H,139,Missense,NA,NA,"Epi25 Collaborative, 2019","Epi25 Collaborative, 2019",Yes,NA,NA,NA,Yes,NA,NA,NA,NA,NA,NA,NA,NA,NA,No,NA,NA,NA,NA,GGE,NA,NA,NA,NA,VUS,"InterVar: Uncertain significance PVS1=0 PS=[0, 0, 0, 0, 0] PM=[1, 1, 0, 0, 0, 0, 0] PP=[0, 0, 1, 0, 0, 0] BA1=0 BS=[0, 0, 0, 0, 0] BP=[0, 0, 0, 0, 0, 0, 0, 0]",exonic,24.3
29,ENST00000287766,SLC6A1,3,11060332,c.419A>G,419,A,G,t.840,+,A,2,tAc,tGc,p.Tyr140Cys,140,Y,C,140,Missense,de novo,NA,"Johannesen et al., 2018","Johanensen et al., 2018",Yes,Female,No,17,Yes,24,Yes,No,No,No,Yes,Yes,No,No,No,No,No,No,Yes,EMAS,Learning disability,Mild DD/ID,Generalized spike-and-slow-wave,NA,Likely pathogenic,"InterVar: Likely pathogenic PVS1=0 PS=[0, 0, 0, 0, 0] PM=[1, 1, 0, 0, 0, 0, 0] PP=[0, 0, 1, 0, 1, 0] BA1=0 BS=[0, 0, 0, 0, 0] BP=[0, 0, 0, 0, 0, 0, 0, 0]",exonic,27.3
30,ENST00000287766,SLC6A1,3,11060347,c.434C>T,434,C,T,t.855,+,C,2,tCc,tTc,p.Ser145Phe,145,S,F,145,Missense,de novo,NA,"Johannesen et al., 2018","Johanensen et al., 2018",Yes,Female,No,2.3,NA,NA,No,No,No,No,No,No,No,Yes,Yes,Yes,Yes,Yes,No,NA,NA,Mild DD/ID,Normal,NA,VUS,"InterVar: Uncertain significance PVS1=0 PS=[0, 0, 0, 0, 0] PM=[1, 1, 0, 0, 0, 0, 0] PP=[0, 0, 1, 0, 0, 0] BA1=0 BS=[0, 0, 0, 0, 0] BP=[0, 0, 0, 0, 0, 0, 0, 0]",exonic,27.1
31,NA,SLC6A1,3,11060369,c.456C>A,456,C,A,NA,NA,NA,NA,NA,NA,p.Tyr152*,152,Y,NA,NA,PTV,de novo,NA,"Kim et al., 2019","Kim et al., 2019",Yes,Female,Yes,8.7,Yes,51,No,No,Yes,NA,No,No,NA,NA,No,NA,NA,NA,Yes,CAE,NA,Unclassified DD,Generalized 3-Hz spike-and-slow-waves,Likely pathogenic,Pathogenic,"InterVar: Pathogenic PVS1=1 PS=[0, 0, 0, 0, 0] PM=[0, 1, 0, 0, 0, 0, 0] PP=[0, 0, 1, 0, 0, 0] BA1=0 BS=[0, 0, 0, 0, 0] BP=[0, 0, 0, 0, 0, 0, 0, 0]",exonic,38
32,NA,SLC6A1,3,11060385,c.471+1G>T,471,G,T,NA,NA,NA,NA,NA,NA,NA,NA,NA,NA,NA,Splice,de novo,NA,NA,Filadelfia Genetics,No,Male,No,2,Yes,24,No,No,No,yes,No,No,No,No,Yes,No,Yes,No,Yes,NA,NA,Severe DD/ID,Generalized spike-and-slow-wave,NA,NA,NA,NA,NA
33,NA,SLC6A1,3,11060385,c.471+1G>T,471,G,T,NA,NA,NA,NA,NA,NA,NA,NA,NA,NA,NA,Splice,NA,NA,"Truty et al., 2019","Truty et al., 2019",Yes,NA,NA,NA,Yes,NA,NA,NA,NA,NA,NA,NA,NA,NA,NA,NA,NA,NA,NA,NA,NA,NA,NA,NA,Pathogenic,"InterVar: Pathogenic PVS1=1 PS=[0, 0, 0, 0, 0] PM=[0, 1, 0, 0, 0, 0, 0] PP=[0, 0, 1, 0, 1, 0] BA1=0 BS=[0, 0, 0, 0, 0] BP=[0, 0, 0, 0, 0, 0, 0, 0]",splicing,35
34,NA,SLC6A1,3,11061950,c.523_524insA,523,T,NA,NA,NA,NA,NA,NA,NA,p.Ser175Tyrfs*32,175,S,NA,NA,PTV,NA,NA,SLC6A1-Connect,SLC6A1-Connect,Yes,Female,No,2.7,Yes,12,No,No,No,Yes,No,No,No,No,No,No,No,No,Yes,CAE,NA,Unclassified DD,Frequent bursts of generalized posteriorly dominant 3-3.5-Hz activity mixed with spikes,Likely pathogenic,NA,NA,NA,NA
35,NA,SLC6A1,3,11061950,c.523_524insA,523,T,NA,NA,NA,NA,NA,NA,NA,p.Ser175Tyrfs*32,175,S,NA,NA,PTV,NA,NA,"Truty et al., 2019","Truty et al., 2019",Yes,NA,NA,NA,Yes,NA,NA,NA,NA,NA,NA,NA,NA,NA,NA,NA,NA,NA,NA,NA,NA,NA,NA,Likely pathogenic,NA,NA,NA,NA
36,NA,SLC6A1,3,11062005,c.578G>A,578,G,A,NA,NA,NA,NA,NA,NA,p.Thr193*,193,T,NA,NA,PTV,de novo,NA,"Johannesen et al., 2018","Johanensen et al., 2018",Yes,Female,No,12,Yes,38,No,No,No,No,Yes,Yes,No,No,Yes,No,No,No,Yes,EMAS,NA,Mild DD/ID,Initial: Background slowing and generalized spike-and-slow-wave; Follow-up: normal,Pathogenic,Pathogenic,"InterVar: Pathogenic PVS1=1 PS=[0, 0, 0, 0, 0] PM=[0, 1, 0, 0, 0, 0, 0] PP=[0, 0, 1, 0, 0, 0] BA1=0 BS=[0, 0, 0, 0, 0] BP=[0, 0, 0, 0, 0, 0, 0, 0]",exonic,40
37,ENST00000287766,SLC6A1,3,11064023,c.583C>A,583,C,A,t.1004,+,C,1,Cgc,Agc,p.Arg195Ser,195,R,S,195,Missense,NA,NA,"Epi25 Collaborative, 2019","Epi25 Collaborative, 2019",Yes,NA,NA,NA,Yes,NA,NA,NA,NA,NA,NA,NA,NA,NA,No,NA,NA,NA,NA,GGE,NA,NA,NA,NA,VUS,"InterVar: Uncertain significance PVS1=0 PS=[0, 0, 0, 0, 0] PM=[1, 1, 0, 0, 0, 0, 0] PP=[0, 0, 1, 0, 0, 0] BA1=0 BS=[0, 0, 0, 0, 0] BP=[0, 0, 0, 0, 0, 0, 0, 0]",exonic,32
38,ENST00000287766,SLC6A1,3,11064024,c.584G>A,584,G,A,t.1005,+,G,2,cGc,cAc,p.Arg195His,195,R,H,195,Missense,NA,NA,"Epi25 Collaborative, 2019","Epi25 Collaborative, 2019",Yes,NA,NA,NA,Yes,10,NA,NA,NA,NA,NA,NA,NA,NA,No,NA,NA,NA,NA,NAFE,NA,NA,NA,NA,VUS,"InterVar: Uncertain significance PVS1=0 PS=[0, 0, 0, 0, 0] PM=[1, 0, 0, 0, 0, 0, 0] PP=[0, 0, 0, 0, 0, 0] BA1=0 BS=[0, 0, 0, 0, 0] BP=[0, 0, 0, 0, 0, 1, 0, 0]",exonic,23.4
39,ENST00000287766,SLC6A1,3,11064033,c.593A>G,593,A,G,t.1014,+,A,2,cAt,cGt,p.His198Arg,198,H,R,198,Missense,NA,NA,"Epi25 Collaborative, 2019","Epi25 Collaborative, 2019",Yes,NA,NA,NA,Yes,NA,NA,NA,NA,NA,NA,NA,NA,NA,No,NA,NA,NA,NA,GGE,NA,NA,NA,NA,VUS,"InterVar: Uncertain significance PVS1=0 PS=[0, 0, 0, 0, 0] PM=[1, 1, 0, 0, 0, 0, 0] PP=[0, 0, 1, 0, 0, 0] BA1=0 BS=[0, 0, 0, 0, 0] BP=[0, 0, 0, 0, 0, 0, 0, 0]",exonic,25.6
40,ENST00000287766,SLC6A1,3,11064033,c.593A>C,593,A,C,t.1014,+,A,2,cAt,cCt,p.His198Pro,198,H,P,198,Missense,NA,NA,"Satterstorm et al., 2018","Satterstorm et al., 2018",Yes,Male,NA,NA,NA,NA,NA,NA,NA,NA,NA,NA,NA,NA,Yes,NA,NA,NA,NA,NA,NA,NA,NA,NA,VUS,"InterVar: Uncertain significance PVS1=0 PS=[0, 0, 0, 0, 0] PM=[1, 1, 0, 0, 0, 0, 0] PP=[0, 0, 1, 0, 0, 0] BA1=0 BS=[0, 0, 0, 0, 0] BP=[0, 0, 0, 0, 0, 0, 0, 0]",exonic,26.5
41,ENST00000287766,SLC6A1,3,11064071,c.631C>T,631,C,T,t.1052,+,C,1,Cgc,Tgc,p.Arg211Cys,211,R,C,211,Missense,de novo,NA,"Rees et al., 2020","Rees et al., 2020",Yes,NA,Yes,NA,No,NA,No,No,No,No,No,No,No,No,No,No,No,No,No,No seizures,NA,Normal,NA,Likely pathogenic,VUS,"InterVar: Uncertain significance PVS1=0 PS=[0, 0, 0, 0, 0] PM=[1, 1, 0, 0, 0, 0, 0] PP=[0, 0, 1, 0, 0, 0] BA1=0 BS=[0, 0, 0, 0, 0] BP=[0, 0, 0, 0, 0, 0, 0, 0]",exonic,30
42,NA,SLC6A1,3,11064076,c.636G>A,636,G,A,NA,NA,NA,NA,NA,NA,p.Trp212*,212,W,NA,NA,PTV,NA,NA,"Epi25 Collaborative, 2019","Epi25 Collaborative, 2019",Yes,NA,NA,NA,Yes,NA,NA,NA,NA,NA,NA,NA,NA,NA,No,NA,NA,NA,NA,DEE,NA,NA,NA,Likely pathogenic,Pathogenic,"InterVar: Pathogenic PVS1=1 PS=[0, 0, 0, 0, 0] PM=[0, 1, 0, 0, 0, 0, 0] PP=[0, 0, 1, 0, 0, 0] BA1=0 BS=[0, 0, 0, 0, 0] BP=[0, 0, 0, 0, 0, 0, 0, 0]",exonic,37
43,NA,SLC6A1,3,NA,c.636G>A,636,G,A,NA,NA,NA,NA,NA,NA,p.Trp212*,212,W,NA,NA,PTV,de novo,Loss of function,NA,Filadelfia Genetics,No,Female,No,10,Yes,10,No,NA,No,No,Yes,No,No,No,No,No,No,No,Yes,NA,Mild DD/ID,Mild DD/ID,EEG with spike-wave complexes (2.5-3.5 Hz,Likely pathogenic,Pathogenic,"InterVar: Pathogenic PVS1=1 PS=[0, 0, 0, 0, 0] PM=[0, 1, 0, 0, 0, 0, 0] PP=[0, 0, 1, 0, 0, 0] BA1=0 BS=[0, 0, 0, 0, 0] BP=[0, 0, 0, 0, 0, 0, 0, 0]",exonic,37
44,NA,SLC6A1,3,11064080,c.640_658del,640,C,NA,NA,NA,NA,NA,NA,NA,p.Leu214Serfs*32,214,L,NA,NA,PTV,NA,NA,"Truty et al., 2019","Truty et al., 2019",Yes,NA,NA,NA,Yes,NA,NA,NA,NA,NA,NA,NA,NA,NA,NA,NA,NA,NA,NA,NA,NA,NA,NA,Likely pathogenic,NA,NA,NA,NA
45,NA,SLC6A1,3,NA,c.640_658delCTGGCCATCACGCTGGCCA,640,C,NA,NA,NA,NA,NA,NA,NA,p.Leu214fs*,214,L,NA,NA,PTV,NA,NA,NA,"Filadelfia Genetics From Artem Borovikov, I reached out to him to try to get additional. info.",No,NA,NA,NA,NA,NA,NA,NA,NA,NA,NA,NA,NA,NA,NA,NA,NA,NA,NA,NA,NA,NA,NA,VUS,NA,NA,NA,NA
46,ENST00000287766,SLC6A1,3,11064106,c.666G>T,666,G,T,t.1087,+,G,3,tgG,tgT,p.Trp222Cys,222,W,C,222,Missense,de novo,NA,NA,Filadelfia Genetics,No,Female,No,10,Yes,96,No,No,No,No,No,No,No,No,No,No,No,No,Yes,CAE,NA,Normal,EEG with spike-wave complexes (2.5-3.5 Hz),VUS,VUS,"InterVar: Uncertain significance PVS1=0 PS=[0, 0, 0, 0, 0] PM=[1, 1, 0, 0, 0, 0, 0] PP=[0, 0, 1, 0, 0, 0] BA1=0 BS=[0, 0, 0, 0, 0] BP=[0, 0, 0, 0, 0, 0, 0, 0]",exonic,33
47,ENST00000287766,SLC6A1,3,11064135,c.695G>T,695,G,T,t.1116,+,G,2,gGt,gTt,p.Gly232Val,232,G,V,232,Missense,de novo,NA,"Johannesen et al., 2018","Johanensen et al., 2018",Yes,Male,No,10,Yes,24,No,No,No,No,No,No,No,No,No,No,No,No,Yes,EMAS,Mild DD/ID,Mild DD/ID,Centrotemporal spike-and-slow-wave,Likely pathogenic,Likely pathogenic,"InterVar: Likely pathogenic PVS1=0 PS=[0, 0, 0, 0, 0] PM=[1, 1, 0, 0, 0, 0, 0] PP=[0, 0, 1, 0, 1, 0] BA1=0 BS=[0, 0, 0, 0, 0] BP=[0, 0, 0, 0, 0, 0, 0, 0]",exonic,28.6
48,ENST00000287766,SLC6A1,3,11064135,c.695G>T,695,G,T,t.1116,+,G,2,gGt,gTt,p.Gly232Val,232,G,V,232,Missense,inherited,NA,"Johannesen et al., 2018","Johanensen et al., 2018",Yes,Male,Yes,17,Yes,12,No,No,No,No,Yes,No,No,No,No,No,No,Yes,Yes,EMAS,NA,Moderate DD/ID,Background slowing and Generalized 3-Hz spike-and-slow-wave,NA,Likely pathogenic,"InterVar: Likely pathogenic PVS1=0 PS=[0, 0, 0, 0, 0] PM=[1, 1, 0, 0, 0, 0, 0] PP=[0, 0, 1, 0, 1, 0] BA1=0 BS=[0, 0, 0, 0, 0] BP=[0, 0, 0, 0, 0, 0, 0, 0]",exonic,28.6
49,ENST00000287766,SLC6A1,3,11064135,c.695G>T,695,G,T,t.1116,+,G,2,gGt,gTt,p.Gly232Val,232,G,V,232,Missense,inherited,NA,"Johannesen et al., 2018","Johanensen et al., 2018",Yes,Female,Yes,10,Yes,13,No,No,No,No,Yes,No,No,No,No,No,No,No,Yes,EMAS,Normal,Mild DD/ID,Background slowing and Generalized (poly)spike-and-slow-wave,NA,Likely pathogenic,"InterVar: Likely pathogenic PVS1=0 PS=[0, 0, 0, 0, 0] PM=[1, 1, 0, 0, 0, 0, 0] PP=[0, 0, 1, 0, 1, 0] BA1=0 BS=[0, 0, 0, 0, 0] BP=[0, 0, 0, 0, 0, 0, 0, 0]",exonic,28.6
50,ENST00000287766,SLC6A1,3,11064135,c.695G>T,695,G,T,t.1116,+,G,2,gGt,gTt,p.Gly232Val,232,G,V,232,Missense,NA,NA,"Johannesen et al., 2018","Johanensen et al., 2018",Yes,Female,Yes,NA,NA,NA,No,No,No,No,No,No,No,No,No,NA,NA,NA,No,NA,NA,Learning disability,NA,NA,Likely pathogenic,"InterVar: Likely pathogenic PVS1=0 PS=[0, 0, 0, 0, 0] PM=[1, 1, 0, 0, 0, 0, 0] PP=[0, 0, 1, 0, 1, 0] BA1=0 BS=[0, 0, 0, 0, 0] BP=[0, 0, 0, 0, 0, 0, 0, 0]",exonic,28.6
51,ENST00000287766,SLC6A1,3,11064143,c.703T>C,703,T,C,t.1124,+,T,1,Tgg,Cgg,p.Trp235Arg,235,W,R,235,Missense,NA,NA,"Mattison et al., 2018","Mattison et al., 2018",Yes,Female,NA,NA,Yes,NA,NA,NA,Yes,NA,NA,NA,NA,NA,Yes,NA,NA,NA,Yes,Intractable absence epilepsy,NA,Moderate DD/ID,NA,NA,VUS,"InterVar: Uncertain significance PVS1=0 PS=[0, 0, 0, 0, 0] PM=[1, 1, 0, 0, 0, 0, 0] PP=[0, 0, 0, 0, 0, 0] BA1=0 BS=[0, 0, 0, 0, 0] BP=[0, 0, 0, 0, 0, 0, 0, 0]",exonic,24.3
52,ENST00000287766,SLC6A1,3,11067144,c.724T>G,724,T,G,t.1145,+,T,1,Ttt,Gtt,p.Phe242Val,242,F,V,242,Missense,NA,NA,"Epi25 Collaborative, 2019","Epi25 Collaborative, 2019",Yes,NA,NA,NA,Yes,NA,NA,NA,NA,NA,NA,NA,NA,NA,No,NA,NA,NA,NA,GGE,NA,NA,NA,NA,VUS,"InterVar: Uncertain significance PVS1=0 PS=[0, 0, 0, 0, 0] PM=[1, 1, 0, 0, 0, 0, 0] PP=[0, 0, 0, 0, 0, 0] BA1=0 BS=[0, 0, 0, 0, 0] BP=[0, 0, 0, 0, 0, 0, 0, 0]",exonic,22.7
53,ENST00000287766,SLC6A1,3,11067144,c.724T>G,724,T,G,t.1145,+,T,1,Ttt,Gtt,p.Phe242Val,242,F,V,242,Missense,NA,NA,"Epi25 Collaborative, 2019","Epi25 Collaborative, 2019",Yes,NA,NA,NA,Yes,NA,NA,NA,NA,NA,NA,NA,NA,NA,No,NA,NA,NA,NA,NAFE,NA,NA,NA,NA,VUS,"InterVar: Uncertain significance PVS1=0 PS=[0, 0, 0, 0, 0] PM=[1, 1, 0, 0, 0, 0, 0] PP=[0, 0, 0, 0, 0, 0] BA1=0 BS=[0, 0, 0, 0, 0] BP=[0, 0, 0, 0, 0, 0, 0, 0]",exonic,22.7
54,ENST00000287766,SLC6A1,3,11067172,c.752T>C,752,T,C,t.1173,+,T,2,cTg,cCg,p.Leu251Pro,251,L,P,251,Missense,de novo,NA,SLC6A1-Connect,SLC6A1-Connect,Yes,NA,NA,21,No,NA,NA,NA,NA,NA,NA,NA,NA,NA,NA,NA,NA,NA,NA,No seizures,NA,NA,NA,Likely pathogenic,VUS,"InterVar: Uncertain significance PVS1=0 PS=[0, 0, 0, 0, 0] PM=[1, 1, 0, 0, 0, 0, 0] PP=[0, 0, 1, 0, 0, 0] BA1=0 BS=[0, 0, 0, 0, 0] BP=[0, 0, 0, 0, 0, 0, 0, 0]",exonic,27.4
55,ENST00000287766,SLC6A1,3,11067204,c.784C>T,784,C,T,t.1205,+,C,1,Ccc,Tcc,p.Pro262Ser,262,P,S,262,Missense,NA,NA,"Epi25 Collaborative, 2019","Epi25 Collaborative, 2019",Yes,NA,NA,NA,Yes,NA,NA,NA,NA,NA,NA,NA,NA,NA,No,NA,NA,NA,NA,GGE,NA,NA,NA,NA,VUS,"InterVar: Uncertain significance PVS1=0 PS=[0, 0, 0, 0, 0] PM=[1, 1, 0, 0, 0, 0, 0] PP=[0, 0, 1, 0, 0, 0] BA1=0 BS=[0, 0, 0, 0, 0] BP=[0, 0, 0, 0, 0, 1, 0, 0]",exonic,23.6
56,ENST00000287766,SLC6A1,3,11067229,c.809T>C,809,T,C,t.1230,+,T,2,tTc,tCc,p.Phe270Ser,270,F,S,270,Missense,de novo,NA,"Johannesen et al., 2018","Johanensen et al., 2018",Yes,Male,No,7,Yes,18,No,No,No,No,No,No,Yes,Yes,No,No,No,No,Yes,Unclassified epilepsy,NA,Mild DD/ID,Occipital notched rhythmic delta and 2-2.5-Hz spike-and-slow-wave,Likely pathogenic,Likely pathogenic,"InterVar: Likely pathogenic PVS1=0 PS=[0, 0, 0, 0, 0] PM=[1, 1, 0, 0, 0, 0, 0] PP=[0, 0, 1, 0, 1, 0] BA1=0 BS=[0, 0, 0, 0, 0] BP=[0, 0, 0, 0, 0, 0, 0, 0]",exonic,24.7
57,ENST00000287766,SLC6A1,3,11067232,c.812A>G,812,A,G,t.1233,+,A,2,tAc,tGc,p.Tyr271Cys,271,Y,C,271,Missense,de novo,NA,SLC6A1-Connect,SLC6A1-Connect,Yes,NA,Yes,6,No,NA,NA,NA,NA,NA,NA,NA,Yes,No,Yes,No,No,No,NA,No seizures,NA,Learning disability,NA,Likely pathogenic,VUS,"InterVar: Uncertain significance PVS1=0 PS=[0, 0, 0, 0, 0] PM=[1, 1, 0, 0, 0, 0, 0] PP=[0, 0, 1, 0, 0, 0] BA1=0 BS=[0, 0, 0, 0, 0] BP=[0, 0, 0, 0, 0, 0, 0, 0]",exonic,27.2
58,NA,SLC6A1,3,NA,c.815_817delTCA,815,NA,NA,NA,NA,NA,NA,NA,NA,p.Ile272*,272,I,NA,NA,PTV,de novo,NA,"Mattison et al., 2018","Mattison et al., 2018",Yes,Male,NA,NA,Yes,NA,NA,NA,Yes,NA,NA,NA,NA,NA,NA,NA,NA,Yes,Yes,EMAS; intractable primary generalized epilepsy,NA,Moderate DD/ID,NA,Pathogenic,NA,NA,NA,NA
59,NA,SLC6A1,3,11067458,c.850-1G>T,850,G,T,NA,NA,NA,NA,NA,NA,NA,NA,NA,NA,NA,Splice,NA,NA,"Kim et al., 2019","Kim et al., 2019",Yes,Male,NA,12.4,Yes,50,No,No,Yes,NA,No,No,NA,NA,No,NA,NA,NA,Yes,CAE,NA,Normal,Semirhythmic Generalized 2.5-Hz spike-and-slow-waves,Pathogenic,Pathogenic,"InterVar: Pathogenic PVS1=1 PS=[0, 0, 0, 0, 0] PM=[0, 1, 0, 0, 0, 0, 0] PP=[0, 0, 1, 0, 0, 0] BA1=0 BS=[0, 0, 0, 0, 0] BP=[0, 0, 0, 0, 0, 0, 0, 0]",splicing,33
60,NA,SLC6A1,3,11067457,c.850-2A>G,850,A,G,NA,NA,NA,NA,NA,NA,NA,NA,NA,NA,NA,Splice,de novo,NA,"Johannesen et al., 2018","Johanensen et al., 2018",Yes,Female,NA,4,Yes,16,No,No,No,No,Yes,Yes,NA,NA,NA,No,No,No,Yes,EMAS,Normal,Mild DD/ID,Generalized delta slowin and Generalized (posterior predominant) spike-and-slow-waves,NA,Pathogenic,"InterVar: Pathogenic PVS1=1 PS=[0, 0, 0, 0, 0] PM=[0, 1, 0, 0, 0, 0, 0] PP=[0, 0, 1, 0, 1, 0] BA1=0 BS=[0, 0, 0, 0, 0] BP=[0, 0, 0, 0, 0, 0, 0, 0]",splicing,33
61,ENST00000287766,SLC6A1,3,11067472,c.863C>T,863,C,T,t.1284,+,C,2,gCg,gTg,p.Ala288Val,288,A,V,288,Missense,NA,NA,"Epi25 Collaborative, 2019","Epi25 Collaborative, 2019",Yes,NA,NA,NA,Yes,NA,NA,NA,NA,NA,NA,NA,NA,NA,No,NA,NA,NA,NA,DEE,NA,NA,NA,NA,Likely pathogenic,"InterVar: Likely pathogenic PVS1=0 PS=[0, 0, 0, 0, 0] PM=[1, 1, 0, 0, 0, 0, 0] PP=[0, 0, 1, 0, 1, 0] BA1=0 BS=[0, 0, 0, 0, 0] BP=[0, 0, 0, 0, 0, 0, 0, 0]",exonic,29.2
62,ENST00000287766,SLC6A1,3,11067472,c.863C>T,863,C,T,t.1284,+,C,2,gCg,gTg,p.Ala288Val,288,A,V,288,Missense,de novo,NA,"Johannesen et al., 2018","Johanensen et al., 2018",Yes,Male,No,8,Yes,22,No,No,No,No,Yes,Yes,No,No,No,No,No,No,Yes,EMAS,Mild DD/ID,Mild DD/ID,Generalized 3-Hz spike-and-slow-wave,NA,Likely pathogenic,"InterVar: Likely pathogenic PVS1=0 PS=[0, 0, 0, 0, 0] PM=[1, 1, 0, 0, 0, 0, 0] PP=[0, 0, 1, 0, 1, 0] BA1=0 BS=[0, 0, 0, 0, 0] BP=[0, 0, 0, 0, 0, 0, 0, 0]",exonic,29.2
63,ENST00000287766,SLC6A1,3,11067472,c.863C>T,863,C,T,t.1284,+,C,2,gCg,gTg,p.Ala288Val,288,A,V,288,Missense,de novo,NA,NA,Filadelfia Genetics,No,Male,Yes,NA,No,NA,NA,NA,NA,NA,NA,NA,NA,NA,NA,No,NA,NA,NA,NA,NA,Mild DD/ID,NA,Pathogenic,Likely pathogenic,"InterVar: Likely pathogenic PVS1=0 PS=[0, 0, 0, 0, 0] PM=[1, 1, 0, 0, 0, 0, 0] PP=[0, 0, 1, 0, 1, 0] BA1=0 BS=[0, 0, 0, 0, 0] BP=[0, 0, 0, 0, 0, 0, 0, 0]",exonic,29.2
64,ENST00000287766,SLC6A1,3,11067472,c.863C>T,863,C,T,t.1284,+,C,2,gCg,gTg,p.Ala288Val,288,A,V,288,Missense,de novo,NA,NA,Filadelfia Genetics,No,Female,Yes,NA,Yes,60,NA,NA,NA,NA,NA,NA,NA,NA,NA,No,NA,NA,NA,NA,NA,Mild DD/ID,NA,Pathogenic,Likely pathogenic,"InterVar: Likely pathogenic PVS1=0 PS=[0, 0, 0, 0, 0] PM=[1, 1, 0, 0, 0, 0, 0] PP=[0, 0, 1, 0, 1, 0] BA1=0 BS=[0, 0, 0, 0, 0] BP=[0, 0, 0, 0, 0, 0, 0, 0]",exonic,29.2
65,ENST00000287766,SLC6A1,3,11067472,c.863C>T,863,C,T,t.1284,+,C,2,gCg,gTg,p.Ala288Val,288,A,V,288,Missense,NA,NA,"Satterstorm et al., 2018","Satterstorm et al., 2018",Yes,Male,NA,NA,Yes,NA,NA,NA,NA,NA,NA,NA,NA,NA,Yes,NA,NA,NA,NA,NA,NA,NA,NA,NA,Likely pathogenic,"InterVar: Likely pathogenic PVS1=0 PS=[0, 0, 0, 0, 0] PM=[1, 1, 0, 0, 0, 0, 0] PP=[0, 0, 1, 0, 1, 0] BA1=0 BS=[0, 0, 0, 0, 0] BP=[0, 0, 0, 0, 0, 0, 0, 0]",exonic,29.2
66,ENST00000287766,SLC6A1,3,11067472,c.863C>T,863,C,T,t.1284,+,C,2,gCg,gTg,p.Ala288Val,288,A,V,288,Missense,NA,NA,SLC6A1-Connect,SLC6A1-Connect,Yes,Male,NA,2,NA,NA,NA,NA,NA,NA,NA,NA,NA,NA,NA,NA,NA,NA,NA,NA,NA,NA,NA,NA,Likely pathogenic,"InterVar: Likely pathogenic PVS1=0 PS=[0, 0, 0, 0, 0] PM=[1, 1, 0, 0, 0, 0, 0] PP=[0, 0, 1, 0, 1, 0] BA1=0 BS=[0, 0, 0, 0, 0] BP=[0, 0, 0, 0, 0, 0, 0, 0]",exonic,29.2
67,ENST00000287766,SLC6A1,3,11067472,c.863C>T,863,C,T,t.1284,+,C,2,gCg,gTg,p.Ala288Val,288,A,V,288,Missense,NA,NA,SLC6A1-Connect,SLC6A1-Connect,Yes,Female,NA,7,NA,NA,NA,NA,NA,NA,NA,NA,NA,NA,NA,NA,NA,NA,NA,NA,NA,NA,NA,NA,Likely pathogenic,"InterVar: Likely pathogenic PVS1=0 PS=[0, 0, 0, 0, 0] PM=[1, 1, 0, 0, 0, 0, 0] PP=[0, 0, 1, 0, 1, 0] BA1=0 BS=[0, 0, 0, 0, 0] BP=[0, 0, 0, 0, 0, 0, 0, 0]",exonic,29.2
68,ENST00000287766,SLC6A1,3,11067472,c.863C>T,863,C,T,t.1284,+,C,2,gCg,gTg,p.Ala288Val,288,A,V,288,Missense,NA,NA,"Truty et al., 2019","Truty et al., 2019",Yes,NA,NA,NA,Yes,NA,NA,NA,NA,NA,NA,NA,NA,NA,NA,NA,NA,NA,NA,NA,NA,NA,NA,NA,Likely pathogenic,"InterVar: Likely pathogenic PVS1=0 PS=[0, 0, 0, 0, 0] PM=[1, 1, 0, 0, 0, 0, 0] PP=[0, 0, 1, 0, 1, 0] BA1=0 BS=[0, 0, 0, 0, 0] BP=[0, 0, 0, 0, 0, 0, 0, 0]",exonic,29.2
69,ENST00000287766,SLC6A1,3,11067472,c.863C>T,863,C,T,t.1284,+,C,2,gCg,gTg,p.Ala288Val,288,A,V,288,Missense,NA,NA,"Johannesen et al., 2018","Johanensen et al., 2018",Yes,Female,Yes,7,Yes,60,No,Yes,No,No,No,No,No,Yes,Yes,No,No,No,Yes,Unclassified epilepsy,NA,Moderate DD/ID,Centrotemporal spike-and-slow-wave and Generalized spike-and-slow-wave,VUS,Likely pathogenic,"InterVar: Likely pathogenic PVS1=0 PS=[0, 0, 0, 0, 0] PM=[1, 1, 0, 0, 0, 0, 0] PP=[0, 0, 1, 0, 1, 0] BA1=0 BS=[0, 0, 0, 0, 0] BP=[0, 0, 0, 0, 0, 0, 0, 0]",exonic,29.2
70,NA,SLC6A1,3,11067490,c.881_883del,881,T,NA,NA,NA,NA,NA,NA,NA,p.Phe294del,294,F,NA,NA,INDEL,de novo,NA,"Johannesen et al., 2018","Johanensen et al., 2018",Yes,Male,No,12,Yes,18,No,No,No,No,Yes,Yes,Yes,No,No,No,No,Yes,Yes,EMAS,Mild DD/ID,Moderate DD/ID,Background slowing and Generalized spike-and-slow-waves,Pathogenic,NA,NA,NA,NA
71,ENST00000287766,SLC6A1,3,11067493,c.884C>T,884,C,T,t.1305,+,C,2,tCa,tTa,p.Ser295Leu,295,S,L,295,Missense,NA,NA,SLC6A1-Connect,SLC6A1-Connect,Yes,NA,Yes,1.3,No,NA,No,No,No,No,No,No,No,No,No,No,Yes,No,No,No seizures,NA,NA,Normal,NA,VUS,"InterVar: Uncertain significance PVS1=0 PS=[0, 0, 0, 0, 0] PM=[1, 1, 0, 0, 0, 0, 0] PP=[0, 0, 1, 0, 0, 0] BA1=0 BS=[0, 0, 0, 0, 0] BP=[0, 0, 0, 0, 0, 0, 0, 0]",exonic,28.7
72,ENST00000287766,SLC6A1,3,11067498,c.889G>A,889,G,A,t.1310,+,G,1,Ggg,Cgg,p.Gly297Arg,297,G,R,297,Missense,NA,NA,"Epi25 Collaborative, 2019","Epi25 Collaborative, 2019",Yes,NA,NA,NA,Yes,NA,NA,NA,NA,NA,NA,NA,NA,NA,No,NA,NA,NA,NA,DEE,NA,NA,NA,NA,Likely pathogenic,"InterVar: Likely pathogenic PVS1=0 PS=[0, 0, 0, 0, 0] PM=[1, 1, 0, 0, 0, 0, 0] PP=[0, 0, 1, 0, 1, 0] BA1=0 BS=[0, 0, 0, 0, 0] BP=[0, 0, 0, 0, 0, 0, 0, 0]",exonic,25.5
73,ENST00000287766,SLC6A1,3,11067498,c.889G>A,889,G,A,t.1310,+,G,1,Ggg,Cgg,p.Gly297Arg,297,G,R,297,Missense,NA,NA,NA,Filadelfia Genetics trying to get more info but not sure it will come in time.,No,Male,Yes,NA,Yes,NA,NA,NA,NA,NA,NA,NA,NA,NA,NA,NA,NA,NA,NA,NA,NA,Severe DD/ID,NA,VUS,Likely pathogenic,"InterVar: Likely pathogenic PVS1=0 PS=[0, 0, 0, 0, 0] PM=[1, 1, 0, 0, 0, 0, 0] PP=[0, 0, 1, 0, 1, 0] BA1=0 BS=[0, 0, 0, 0, 0] BP=[0, 0, 0, 0, 0, 0, 0, 0]",exonic,25.5
74,ENST00000287766,SLC6A1,3,11067498,c.889G>A,889,G,A,t.1310,+,G,1,Ggg,Cgg,p.Gly297Arg,297,G,R,297,Missense,NA,NA,NA,"Filadelfia Genetics From Artem Borovikov, I reached out to him to try to get additional. info.",No,NA,NA,NA,NA,NA,NA,NA,NA,NA,NA,NA,NA,NA,NA,NA,NA,NA,NA,NA,NA,NA,NA,VUS,Likely pathogenic,"InterVar: Likely pathogenic PVS1=0 PS=[0, 0, 0, 0, 0] PM=[1, 1, 0, 0, 0, 0, 0] PP=[0, 0, 1, 0, 1, 0] BA1=0 BS=[0, 0, 0, 0, 0] BP=[0, 0, 0, 0, 0, 0, 0, 0]",exonic,25.5
75,ENST00000287766,SLC6A1,3,11067498,c.889G>A,889,G,A,t.1310,+,G,1,Ggg,Cgg,p.Gly297Arg,297,G,R,297,Missense,NA,NA,NA,"Filadelfia Genetics From Artem Borovikov, I reached out to him to try to get additional. info.",No,NA,NA,NA,NA,NA,NA,NA,NA,NA,NA,NA,NA,NA,NA,NA,NA,NA,NA,NA,NA,NA,NA,VUS,Likely pathogenic,"InterVar: Likely pathogenic PVS1=0 PS=[0, 0, 0, 0, 0] PM=[1, 1, 0, 0, 0, 0, 0] PP=[0, 0, 1, 0, 1, 0] BA1=0 BS=[0, 0, 0, 0, 0] BP=[0, 0, 0, 0, 0, 0, 0, 0]",exonic,25.5
76,ENST00000287766,SLC6A1,3,11067498,c.889G>A,889,G,A,t.1310,+,G,1,Ggg,Cgg,p.Gly297Arg,297,G,R,297,Missense,NA,NA,NA,"Filadelfia Genetics From Artem Borovikov, I reached out to him to try to get additional. info.",No,NA,NA,NA,NA,NA,NA,NA,NA,NA,NA,NA,NA,NA,NA,NA,NA,NA,NA,NA,NA,NA,NA,VUS,Likely pathogenic,"InterVar: Likely pathogenic PVS1=0 PS=[0, 0, 0, 0, 0] PM=[1, 1, 0, 0, 0, 0, 0] PP=[0, 0, 1, 0, 1, 0] BA1=0 BS=[0, 0, 0, 0, 0] BP=[0, 0, 0, 0, 0, 0, 0, 0]",exonic,25.5
77,ENST00000287766,SLC6A1,3,11067499,c.890G>A,890,G,A,t.1311,+,G,2,gGg,gAg,p.Gly297Glu,297,G,E,297,Missense,NA,NA,NA,Filadelfia Genetics,No,NA,No,4,Yes,36,No,Yes,YEs,No,No,No,No,No,Yes,No,Yes,No,No,NA,Mild DD/ID,Mild DD/ID,Multifocal epileptiform discharges,VUS,VUS,"InterVar: Uncertain significance PVS1=0 PS=[0, 0, 0, 0, 0] PM=[1, 1, 0, 0, 0, 0, 0] PP=[0, 0, 1, 0, 0, 0] BA1=0 BS=[0, 0, 0, 0, 0] BP=[0, 0, 0, 0, 0, 0, 0, 0]",exonic,26.6
78,ENST00000287766,SLC6A1,3,11067505,c.896G>T,896,G,T,t.1317,+,G,2,gGc,gTc,p.Gly299Val,299,G,V,299,Missense,NA,NA,"Satterstorm et al., 2018","Satterstorm et al., 2018",Yes,Female,NA,NA,NA,NA,NA,NA,NA,NA,NA,NA,NA,NA,Yes,NA,NA,NA,NA,NA,NA,NA,NA,NA,VUS,"InterVar: Uncertain significance PVS1=0 PS=[0, 0, 0, 0, 0] PM=[1, 1, 0, 0, 0, 0, 0] PP=[0, 0, 1, 0, 0, 0] BA1=0 BS=[0, 0, 0, 0, 0] BP=[0, 0, 0, 0, 0, 0, 0, 0]",exonic,24.4
79,ENST00000287766,SLC6A1,3,11067522,c.913G>A,913,G,A,t.1334,+,G,1,Gct,Act,p.Ala305Thr,305,A,T,305,Missense,NA,NA,NA,Filadelfia Genetics,No,Female,NA,4.3,Yes,14,No,No,No,No,Yes,No,NA,NA,NA,NA,NA,NA,Yes,NA,NA,NA,NA,VUS,Likely pathogenic,"InterVar: Likely pathogenic PVS1=0 PS=[0, 0, 0, 0, 0] PM=[1, 1, 0, 0, 0, 0, 0] PP=[0, 0, 1, 0, 1, 0] BA1=0 BS=[0, 0, 0, 0, 0] BP=[0, 0, 0, 0, 0, 0, 0, 0]",exonic,26.2
80,ENST00000287766,SLC6A1,3,11067522,c.913G>A,913,G,A,t.1334,+,G,1,Gct,Act,p.Ala305Thr,305,A,T,305,Missense,NA,NA,NA,Filadelfia Genetics,No,Male,NA,3,NA,NA,NA,NA,NA,NA,NA,NA,NA,NA,NA,Yes,Yes,NA,NA,NA,NA,NA,NA,VUS,Likely pathogenic,"InterVar: Likely pathogenic PVS1=0 PS=[0, 0, 0, 0, 0] PM=[1, 1, 0, 0, 0, 0, 0] PP=[0, 0, 1, 0, 1, 0] BA1=0 BS=[0, 0, 0, 0, 0] BP=[0, 0, 0, 0, 0, 0, 0, 0]",exonic,26.2
81,ENST00000287766,SLC6A1,3,11067522,c.913G>A,913,G,A,t.1334,+,G,1,Gct,Act,p.Ala305Thr,305,A,T,305,Missense,de novo,NA,NA,Filadelfia Genetics,No,Female,No,4,Yes,14,No,No,No,No,Yes,No,yes,No,No,No,No,No,Yes,NA,NA,Moderate DD/ID,EEG with spike-wave complexes (2.5-3.5 Hz),VUS,Likely pathogenic,"InterVar: Likely pathogenic PVS1=0 PS=[0, 0, 0, 0, 0] PM=[1, 1, 0, 0, 0, 0, 0] PP=[0, 0, 1, 0, 1, 0] BA1=0 BS=[0, 0, 0, 0, 0] BP=[0, 0, 0, 0, 0, 0, 0, 0]",exonic,26.2
82,ENST00000287766,SLC6A1,3,11067522,c.913G>C,913,G,C,t.1334,+,G,1,Gct,Cct,p.Ala305Pro,305,A,P,305,Missense,de novo,NA,"Kim et al., 2019","Kim et al., 2019",Yes,Male,NA,8.3,NA,15,No,No,No,NA,No,No,NA,NA,No,NA,NA,NA,Yes,Unclassified epilepsy,NA,Unclassified DD,Generalized spike-and-slow-waves and Focal spike-and-slow-waves,Likely pathogenic,Likely pathogenic,"InterVar: Likely pathogenic PVS1=0 PS=[0, 0, 0, 0, 0] PM=[1, 1, 0, 0, 1, 0, 0] PP=[0, 0, 1, 0, 0, 0] BA1=0 BS=[0, 0, 0, 0, 0] BP=[0, 0, 0, 0, 0, 0, 0, 0]",exonic,26.2
83,ENST00000287766,SLC6A1,3,11067528,c.919G>A,919,G,A,t.1340,+,G,1,Ggg,Cgg,p.Gly307Arg,307,G,R,307,Missense,NA,NA,NA,Filadelfia Genetics,No,Male,No,2.3,No,NA,NA,NA,NA,NA,NA,NA,No,Yes,No,No,No,No,NA,NA,NA,Mild DD/ID,Not done,VUS,Likely pathogenic,"InterVar: Likely pathogenic PVS1=0 PS=[0, 0, 0, 0, 0] PM=[1, 1, 0, 0, 0, 0, 0] PP=[0, 0, 1, 0, 1, 0] BA1=0 BS=[0, 0, 0, 0, 0] BP=[0, 0, 0, 0, 0, 0, 0, 0]",exonic,25.8
84,ENST00000287766,SLC6A1,3,11067528,c.919G>A,919,G,A,t.1340,+,G,1,Ggg,Cgg,p.Gly307Arg,307,G,R,307,Missense,NA,NA,NA,"Filadelfia Genetics From Artem Borovikov, I reached out to him to try to get additional. info.",No,NA,NA,NA,NA,NA,NA,NA,NA,NA,NA,NA,NA,NA,NA,NA,NA,NA,NA,NA,NA,NA,NA,NA,Likely pathogenic,"InterVar: Likely pathogenic PVS1=0 PS=[0, 0, 0, 0, 0] PM=[1, 1, 0, 0, 0, 0, 0] PP=[0, 0, 1, 0, 1, 0] BA1=0 BS=[0, 0, 0, 0, 0] BP=[0, 0, 0, 0, 0, 0, 0, 0]",exonic,25.8
85,ENST00000287766,SLC6A1,3,11067528,c.919G>A,919,G,A,t.1340,+,G,1,Ggg,Cgg,p.Gly307Arg,307,G,R,307,Missense,NA,NA,"Satterstorm et al., 2018","Satterstorm et al., 2018",Yes,Female,NA,NA,Yes,NA,NA,NA,NA,NA,NA,NA,NA,NA,Yes,NA,NA,NA,NA,NA,NA,NA,NA,NA,Likely pathogenic,"InterVar: Likely pathogenic PVS1=0 PS=[0, 0, 0, 0, 0] PM=[1, 1, 0, 0, 0, 0, 0] PP=[0, 0, 1, 0, 1, 0] BA1=0 BS=[0, 0, 0, 0, 0] BP=[0, 0, 0, 0, 0, 0, 0, 0]",exonic,25.8
86,ENST00000287766,SLC6A1,3,11067548,c.939C>A,939,C,A,t.1360,+,C,3,caC,caG,p.His313Gln,313,H,Q,313,Missense,NA,NA,"Epi25 Collaborative, 2019","Epi25 Collaborative, 2019",Yes,NA,NA,NA,Yes,NA,NA,NA,NA,NA,NA,NA,NA,NA,No,NA,NA,NA,NA,NAFE,NA,NA,NA,NA,VUS,"InterVar: Uncertain significance PVS1=0 PS=[0, 0, 0, 0, 0] PM=[1, 1, 0, 0, 0, 0, 0] PP=[0, 0, 0, 0, 0, 0] BA1=0 BS=[0, 0, 0, 0, 0] BP=[0, 0, 0, 0, 0, 0, 0, 0]",exonic,23.6
87,ENST00000287766,SLC6A1,3,11067933,c.966C>G,966,C,G,t.1387,+,C,3,atC,atG,p.Ile322Met,322,I,M,322,Missense,NA,NA,"Epi25 Collaborative, 2019","Epi25 Collaborative, 2019",Yes,NA,NA,NA,Yes,NA,NA,NA,NA,NA,NA,NA,NA,NA,No,NA,NA,NA,NA,NAFE,NA,NA,NA,NA,VUS,"InterVar: Uncertain significance PVS1=0 PS=[0, 0, 0, 0, 0] PM=[1, 1, 0, 0, 0, 0, 0] PP=[0, 0, 0, 0, 0, 0] BA1=0 BS=[0, 0, 0, 0, 0] BP=[0, 0, 0, 1, 0, 0, 0, 0]",exonic,22.3
88,NA,SLC6A1,3,NA,c.983C>A,983,C,A,NA,NA,NA,NA,NA,NA,p.Ser328*,328,S,NA,NA,PTV,NA,Loss of function,NA,"Filadelfia Genetics From Artem Borovikov, I reached out to him to try to get additional. info.",No,NA,NA,NA,NA,NA,NA,NA,NA,NA,NA,NA,NA,NA,NA,NA,NA,NA,NA,NA,NA,NA,NA,NA,Pathogenic,"InterVar: Pathogenic PVS1=1 PS=[0, 0, 0, 0, 0] PM=[0, 1, 0, 0, 0, 0, 0] PP=[0, 0, 1, 0, 0, 0] BA1=0 BS=[0, 0, 0, 0, 0] BP=[0, 0, 0, 0, 0, 0, 0, 0]",exonic,42
89,NA,SLC6A1,3,11067954,c.987C>A,987,C,A,NA,NA,NA,NA,NA,NA,p.Cys329*,329,C,NA,NA,PTV,de novo,NA,"Johannesen et al., 2018","Johanensen et al., 2018",Yes,Female,No,11,Yes,66,NA,NA,NA,No,NA,NA,No,Yes,No,No,No,No,NA,EMAS,Mild DD/ID,Mild DD/ID,Background slowing and Generalized spike-and-slow-waves,Pathogenic,Pathogenic,"InterVar: Pathogenic PVS1=1 PS=[0, 0, 0, 0, 0] PM=[0, 1, 0, 0, 0, 0, 0] PP=[0, 0, 1, 0, 0, 0] BA1=0 BS=[0, 0, 0, 0, 0] BP=[0, 0, 0, 0, 0, 0, 0, 0]",exonic,40
90,ENST00000287766,SLC6A1,3,11067967,c.1000G>A,1000,G,A,t.1421,+,G,1,Gca,Aca,p.Ala334Thr,334,A,T,334,Missense,paternal,NA,NA,Filadelfia Genetics,No,Female,Yes,NA,Yes,24,No,No,No,No,No,No,No,No,No,No,No,No,yes,CAE,NA,NA,NA,VUS,Likely pathogenic,"InterVar: Likely pathogenic PVS1=0 PS=[0, 0, 0, 0, 0] PM=[1, 1, 0, 0, 1, 0, 0] PP=[0, 0, 1, 0, 0, 0] BA1=0 BS=[0, 0, 0, 0, 0] BP=[0, 0, 0, 0, 0, 0, 0, 0]",exonic,28.8
91,ENST00000287766,SLC6A1,3,11067991,c.1024G>A,1024,G,A,t.1445,+,G,1,Gtg,Atg,p.Val342Met,342,V,M,342,Missense,inherited,NA,"Johannesen et al., 2018","Johanensen et al., 2018",Yes,Male,Yes,28,Yes,NA,No,No,Yes,No,No,No,NA,NA,NA,No,No,No,Yes,CAE,Normal,Normal,Generalized 3-Hz spike-and-slow-waves,NA,Likely pathogenic,"InterVar: Likely pathogenic PVS1=0 PS=[0, 0, 0, 0, 0] PM=[1, 1, 0, 0, 0, 0, 0] PP=[0, 0, 1, 0, 1, 0] BA1=0 BS=[0, 0, 0, 0, 0] BP=[0, 0, 0, 0, 0, 0, 0, 0]",exonic,28.5
92,ENST00000287766,SLC6A1,3,11067991,c.1024G>A,1024,G,A,t.1445,+,G,1,Gtg,Atg,p.Val342Met,342,V,M,342,Missense,inherited,NA,"Johannesen et al., 2018","Johanensen et al., 2018",Yes,Female,Yes,NA,NA,NA,No,No,No,No,No,No,No,No,No,No,No,No,No,NA,NA,Mild DD/ID,NA,NA,Likely pathogenic,"InterVar: Likely pathogenic PVS1=0 PS=[0, 0, 0, 0, 0] PM=[1, 1, 0, 0, 0, 0, 0] PP=[0, 0, 1, 0, 1, 0] BA1=0 BS=[0, 0, 0, 0, 0] BP=[0, 0, 0, 0, 0, 0, 0, 0]",exonic,28.5
93,ENST00000287766,SLC6A1,3,11067991,c.1024G>A,1024,G,A,t.1445,+,G,1,Gtg,Atg,p.Val342Met,342,V,M,342,Missense,NA,NA,"Satterstorm et al., 2018","Satterstorm et al., 2018",Yes,Female,NA,NA,Yes,NA,NA,NA,NA,NA,NA,NA,NA,NA,Yes,NA,NA,NA,NA,NA,NA,NA,NA,NA,Likely pathogenic,"InterVar: Likely pathogenic PVS1=0 PS=[0, 0, 0, 0, 0] PM=[1, 1, 0, 0, 0, 0, 0] PP=[0, 0, 1, 0, 1, 0] BA1=0 BS=[0, 0, 0, 0, 0] BP=[0, 0, 0, 0, 0, 0, 0, 0]",exonic,28.5
94,ENST00000287766,SLC6A1,3,11067991,c.1024G>A,1024,G,A,t.1445,+,G,1,Gtg,Atg,p.Val342Met,342,V,M,342,Missense,NA,NA,"Truty et al., 2019","Truty et al., 2019",Yes,NA,NA,NA,Yes,NA,NA,NA,NA,NA,NA,NA,NA,NA,NA,NA,NA,NA,NA,NA,NA,NA,NA,NA,Likely pathogenic,"InterVar: Likely pathogenic PVS1=0 PS=[0, 0, 0, 0, 0] PM=[1, 1, 0, 0, 0, 0, 0] PP=[0, 0, 1, 0, 1, 0] BA1=0 BS=[0, 0, 0, 0, 0] BP=[0, 0, 0, 0, 0, 0, 0, 0]",exonic,28.5
95,ENST00000287766,SLC6A1,3,11067991,c.1024G>A,1024,G,A,t.1445,+,G,1,Gtg,Atg,p.Val342Met,342,V,M,342,Missense,inherited,NA,"Johannesen et al., 2018","Johanensen et al., 2018",Yes,Male,Yes,19,Yes,24,No,No,Yes,No,Yes,No,Yes,No,No,Yes,No,No,Yes,EMAS,Normal,Severe DD/ID,"Background slowing, Generalized spike-and-slow-waves, and Multifocal spike-and-slow-waves",VUS,Likely pathogenic,"InterVar: Likely pathogenic PVS1=0 PS=[0, 0, 0, 0, 0] PM=[1, 1, 0, 0, 0, 0, 0] PP=[0, 0, 1, 0, 1, 0] BA1=0 BS=[0, 0, 0, 0, 0] BP=[0, 0, 0, 0, 0, 0, 0, 0]",exonic,28.5
96,ENST00000287766,SLC6A1,3,11067991,c.1024G>A,1024,G,A,t.1445,+,G,1,Gtg,Atg,p.Val342Met,342,V,M,342,Missense,inherited,NA,"Johannesen et al., 2018","Johanensen et al., 2018",Yes,Male,Yes,12,Yes,15,No,No,No,No,Yes,Yes,No,Yes,Yes,No,Yes,No,Yes,EMAS,Mild DD/ID,Moderate DD/ID,"Background slowing, Generalized spike-and-slow-waves, and Multifocal spike-and-slow-waves",VUS,Likely pathogenic,"InterVar: Likely pathogenic PVS1=0 PS=[0, 0, 0, 0, 0] PM=[1, 1, 0, 0, 0, 0, 0] PP=[0, 0, 1, 0, 1, 0] BA1=0 BS=[0, 0, 0, 0, 0] BP=[0, 0, 0, 0, 0, 0, 0, 0]",exonic,28.5
97,ENST00000287766,SLC6A1,3,11067991,c.1024G>A,1024,G,A,t.1445,+,G,1,Gtg,Atg,p.Val342Met,342,V,M,342,Missense,de novo,NA,"Johannesen et al., 2018","Johanensen et al., 2018",Yes,Female,No,5,Yes,24,No,No,No,No,Yes,Yes,Yes,Yes,No,No,No,No,Yes,EMAS,Moderate DD/ID,Moderate DD/ID,Generalized 2.5-3.5-Hz (poly)spike-and-slow-waves,VUS,Likely pathogenic,"InterVar: Likely pathogenic PVS1=0 PS=[0, 0, 0, 0, 0] PM=[1, 1, 0, 0, 0, 0, 0] PP=[0, 0, 1, 0, 1, 0] BA1=0 BS=[0, 0, 0, 0, 0] BP=[0, 0, 0, 0, 0, 0, 0, 0]",exonic,28.5
98,ENST00000287766,SLC6A1,3,11067991,c.1024G>A,1024,G,A,t.1445,+,G,1,Gtg,Atg,p.Val342Met,342,V,M,342,Missense,de novo,NA,"Johannesen et al., 2018","Johanensen et al., 2018",Yes,Male,No,NA,Yes,36,No,No,No,No,No,No,NA,NA,NA,NA,NA,NA,Yes,Unclassified epilepsy,NA,Learning disability,NA,VUS,Likely pathogenic,"InterVar: Likely pathogenic PVS1=0 PS=[0, 0, 0, 0, 0] PM=[1, 1, 0, 0, 0, 0, 0] PP=[0, 0, 1, 0, 1, 0] BA1=0 BS=[0, 0, 0, 0, 0] BP=[0, 0, 0, 0, 0, 0, 0, 0]",exonic,28.5
99,ENST00000287766,SLC6A1,3,11067991,c.1024G>A,1024,G,A,t.1445,+,G,1,Gtg,Atg,p.Val342Met,342,V,M,342,Missense,de novo,NA,"Johannesen et al., 2018","Johanensen et al., 2018",Yes,Male,No,8,Yes,60,No,No,No,No,No,No,No,No,Yes,NA,NA,NA,Yes,Unclassified epilepsy,NA,Moderate DD/ID,Generalized 3-Hz spike-and-slow-waves,VUS,Likely pathogenic,"InterVar: Likely pathogenic PVS1=0 PS=[0, 0, 0, 0, 0] PM=[1, 1, 0, 0, 0, 0, 0] PP=[0, 0, 1, 0, 1, 0] BA1=0 BS=[0, 0, 0, 0, 0] BP=[0, 0, 0, 0, 0, 0, 0, 0]",exonic,28.5
100,ENST00000287766,SLC6A1,3,11067991,c.1024G>A,1024,G,A,t.1445,+,G,1,Gtg,Atg,p.Val342Met,342,V,M,342,Missense,de novo,NA,"Johannesen et al., 2018","Johanensen et al., 2018",Yes,Female,Yes,10,Yes,13,No,No,No,Yes,No,No,No,No,Yes,No,No,Yes,Yes,Unclassified epilepsy,NA,Moderate DD/ID,"Generalized spike-and-slow-wave, Occipital 3-Hz spike-and-slow-waves, Occipital notched delta slowing",VUS,Likely pathogenic,"InterVar: Likely pathogenic PVS1=0 PS=[0, 0, 0, 0, 0] PM=[1, 1, 0, 0, 0, 0, 0] PP=[0, 0, 1, 0, 1, 0] BA1=0 BS=[0, 0, 0, 0, 0] BP=[0, 0, 0, 0, 0, 0, 0, 0]",exonic,28.5
101,ENST00000287766,SLC6A1,3,11067991,c.1024G>A,1024,G,A,t.1445,+,G,1,Gtg,Atg,p.Val342Met,342,V,M,342,Missense,de novo,NA,"Snoeijen-Schouwenaars et al., 2018","Snoeijen-Schouwenaars et al., 2018",Yes,Male,NA,NA,Yes,NA,NA,NA,NA,NA,NA,NA,NA,NA,NA,NA,NA,NA,NA,Unclassified epilepsy,NA,Moderate DD/ID,NA,NA,Likely pathogenic,"InterVar: Likely pathogenic PVS1=0 PS=[0, 0, 0, 0, 0] PM=[1, 1, 0, 0, 0, 0, 0] PP=[0, 0, 1, 0, 1, 0] BA1=0 BS=[0, 0, 0, 0, 0] BP=[0, 0, 0, 0, 0, 0, 0, 0]",exonic,28.5
102,ENST00000287766,SLC6A1,3,11068024,c.1057A>G,1057,A,G,t.1478,+,A,1,Att,Gtt,p.Ile353Val,353,I,V,353,Missense,NA,NA,"Epi25 Collaborative, 2019","Epi25 Collaborative, 2019",Yes,NA,NA,NA,Yes,NA,NA,NA,NA,NA,NA,NA,NA,NA,No,NA,NA,NA,NA,GGE,NA,NA,NA,NA,VUS,"InterVar: Uncertain significance PVS1=0 PS=[0, 0, 0, 0, 0] PM=[1, 1, 0, 0, 0, 0, 0] PP=[0, 0, 0, 0, 0, 0] BA1=0 BS=[0, 0, 0, 0, 0] BP=[0, 0, 0, 0, 0, 0, 0, 0]",exonic,22.2
103,ENST00000287766,SLC6A1,3,11068037,c.1070C>T,1070,C,T,t.1491,+,C,2,gCg,gTg,p.Ala357Val,357,A,V,357,Missense,de novo,NA,"Kim et al., 2019","Kim et al., 2019",Yes,Female,NA,11.6,Yes,23,No,No,Yes,NA,Yes,Yes,NA,NA,No,NA,NA,NA,Yes,CAE,NA,Unclassified DD,"Generalized delta slowing, Generalized spike-and-slow-waves, Focal spike-and-slow-waves",Likely pathogenic,Likely pathogenic,"InterVar: Likely pathogenic PVS1=0 PS=[0, 0, 0, 0, 0] PM=[1, 1, 0, 0, 0, 0, 0] PP=[0, 0, 1, 0, 1, 0] BA1=0 BS=[0, 0, 0, 0, 0] BP=[0, 0, 0, 0, 0, 0, 0, 0]",exonic,31
104,ENST00000287766,SLC6A1,3,11068037,c.1070C>T,1070,C,T,t.1491,+,C,2,gCg,gTg,p.Ala357Val,357,A,V,357,Missense,paternal,NA,NA,Filadelfia Genetics,No,Male,Yes,9.7,Yes,23,No,Yes,No,No,No,No,No,No,Yes,No,No,No,No,NA,NA,Mild DD/ID,EEG with spike-wave complexes (2.5-3.5 Hz),VUS,Likely pathogenic,"InterVar: Likely pathogenic PVS1=0 PS=[0, 0, 0, 0, 0] PM=[1, 1, 0, 0, 0, 0, 0] PP=[0, 0, 1, 0, 1, 0] BA1=0 BS=[0, 0, 0, 0, 0] BP=[0, 0, 0, 0, 0, 0, 0, 0]",exonic,31
105,ENST00000287766,SLC6A1,3,11068037,c.1070C>T,1070,C,T,t.1491,+,C,2,gCg,gTg,p.Ala357Val,357,A,V,357,Missense,NA,NA,"Truty et al., 2019","Truty et al., 2019",Yes,NA,NA,NA,Yes,NA,NA,NA,NA,NA,NA,NA,NA,NA,NA,NA,NA,NA,NA,NA,NA,NA,NA,NA,Likely pathogenic,"InterVar: Likely pathogenic PVS1=0 PS=[0, 0, 0, 0, 0] PM=[1, 1, 0, 0, 0, 0, 0] PP=[0, 0, 1, 0, 1, 0] BA1=0 BS=[0, 0, 0, 0, 0] BP=[0, 0, 0, 0, 0, 0, 0, 0]",exonic,31
106,ENST00000287766,SLC6A1,3,11068037,c.1070C>T,1070,C,T,t.1491,+,C,2,gCg,gTg,p.Ala357Val,357,A,V,357,Missense,de novo,NA,"Johannesen et al., 2018","Johanensen et al., 2018",Yes,Female,No,9,Yes,11,No,No,No,No,Yes,No,No,No,No,No,No,Yes,Yes,EMAS,Moderate DD/ID,Mild DD/ID,"Generalized delta slowing, Generalized spike-and-slow-waves, Left Occipital spikes-and-slow-waves, Left Centrotemporal spike-and-slow-waves",VUS,Likely pathogenic,"InterVar: Likely pathogenic PVS1=0 PS=[0, 0, 0, 0, 0] PM=[1, 1, 0, 0, 0, 0, 0] PP=[0, 0, 1, 0, 1, 0] BA1=0 BS=[0, 0, 0, 0, 0] BP=[0, 0, 0, 0, 0, 0, 0, 0]",exonic,31
107,ENST00000287766,SLC6A1,3,11068037,c.1070C>T,1070,C,T,t.1491,+,C,2,gCg,gTg,p.Ala357Val,357,A,V,357,Missense,NA,NA,"Epi25 Collaborative, 2019","Epi25 Collaborative, 2019",Yes,NA,NA,NA,Yes,NA,NA,NA,NA,NA,NA,NA,NA,NA,No,NA,NA,NA,NA,GGE,NA,NA,NA,NA,Likely pathogenic,"InterVar: Likely pathogenic PVS1=0 PS=[0, 0, 0, 0, 0] PM=[1, 1, 0, 0, 0, 0, 0] PP=[0, 0, 1, 0, 1, 0] BA1=0 BS=[0, 0, 0, 0, 0] BP=[0, 0, 0, 0, 0, 0, 0, 0]",exonic,31
108,ENST00000287766,SLC6A1,3,11070420,c.1078G>A,1078,G,A,t.1499,+,G,1,Ggc,Agc,p.Gly360Ser,360,G,S,360,Missense,NA,NA,"Satterstorm et al., 2018","Satterstorm et al., 2018",Yes,Female,NA,NA,Yes,NA,NA,NA,NA,NA,NA,NA,NA,NA,Yes,NA,NA,NA,NA,NA,NA,NA,NA,NA,VUS,"InterVar: Uncertain significance PVS1=0 PS=[0, 0, 0, 0, 0] PM=[1, 1, 0, 0, 0, 0, 0] PP=[0, 0, 1, 0, 0, 0] BA1=0 BS=[0, 0, 0, 0, 0] BP=[0, 0, 0, 0, 0, 0, 0, 0]",exonic,34
109,ENST00000287766,SLC6A1,3,11070426,c.1084G>A,1084,G,A,t.1505,+,G,1,Ggg,Cgg,p.Gly362Arg,362,G,R,362,Missense,NA,NA,NA,"Filadelfia Genetics From Artem Borovikov, I reached out to him to try to get additional. info.",No,NA,NA,NA,NA,NA,NA,NA,NA,NA,NA,NA,NA,NA,NA,NA,NA,NA,NA,NA,NA,NA,NA,VUS,Likely pathogenic,"InterVar: Likely pathogenic PVS1=0 PS=[0, 0, 0, 0, 0] PM=[1, 1, 0, 0, 0, 0, 0] PP=[0, 0, 1, 0, 1, 0] BA1=0 BS=[0, 0, 0, 0, 0] BP=[0, 0, 0, 0, 0, 0, 0, 0]",exonic,24.9
110,ENST00000287766,SLC6A1,3,11070426,c.1084G>A,1084,G,A,t.1505,+,G,1,Ggg,Cgg,p.Gly362Arg,362,G,R,362,Missense,NA,NA,"Epi25 Collaborative, 2019","Epi25 Collaborative, 2019",Yes,NA,NA,NA,Yes,NA,NA,NA,NA,NA,NA,NA,NA,NA,No,NA,NA,NA,NA,GGE,NA,NA,NA,NA,Likely pathogenic,"InterVar: Likely pathogenic PVS1=0 PS=[0, 0, 0, 0, 0] PM=[1, 1, 0, 0, 0, 0, 0] PP=[0, 0, 1, 0, 1, 0] BA1=0 BS=[0, 0, 0, 0, 0] BP=[0, 0, 0, 0, 0, 0, 0, 0]",exonic,24.9
111,ENST00000287766,SLC6A1,3,11070426,c.1084G>A,1084,G,A,t.1505,+,G,1,Ggg,Cgg,p.Gly362Arg,362,G,R,362,Missense,inherited,NA,"Johannesen et al., 2018","Johanensen et al., 2018",Yes,Male,No,NA,Yes,12,No,No,Yes,No,Yes,No,No,No,No,NA,NA,No,Yes,LGS,NA,Moderate DD/ID,Background slowing and Genearlized 2-Hz (poly) spike-and-slow-waves,VUS,Likely pathogenic,"InterVar: Likely pathogenic PVS1=0 PS=[0, 0, 0, 0, 0] PM=[1, 1, 0, 0, 0, 0, 0] PP=[0, 0, 1, 0, 1, 0] BA1=0 BS=[0, 0, 0, 0, 0] BP=[0, 0, 0, 0, 0, 0, 0, 0]",exonic,24.9
112,ENST00000287766,SLC6A1,3,11070426,c.1084G>A,1084,G,A,t.1505,+,G,1,Ggg,Cgg,p.Gly362Arg,362,G,R,362,Missense,NA,NA,"Johannesen et al., 2018","Johanensen et al., 2018",Yes,Female,NA,21,Yes,84,No,Yes,Yes,No,No,No,No,No,No,NA,NA,No,No,TLE,Mild DD/ID,Moderate DD/ID,Frontotemporal spike-and-slow-waves and Generalized 3-4-Hz spike-and-slow-waves,VUS,Likely pathogenic,"InterVar: Likely pathogenic PVS1=0 PS=[0, 0, 0, 0, 0] PM=[1, 1, 0, 0, 0, 0, 0] PP=[0, 0, 1, 0, 1, 0] BA1=0 BS=[0, 0, 0, 0, 0] BP=[0, 0, 0, 0, 0, 0, 0, 0]",exonic,24.9
113,ENST00000287766,SLC6A1,3,11070495,c.1155C>G,1155,C,G,t.1574,+,T,1,Ttc,Ctc,p.Phe385Leu,385,F,L,385,Missense,de novo,NA,"Johannesen et al., 2018","Johanensen et al., 2018",Yes,Male,No,10,Yes,15,No,No,No,No,Yes,Yes,No,No,Yes,No,No,Yes,No,EMAS,Normal,Mild DD/ID,Posterior 3-4-Hz spike-and-slow-waves,VUS,VUS,"InterVar: Uncertain significance PVS1=0 PS=[0, 0, 0, 0, 0] PM=[1, 1, 0, 0, 0, 0, 0] PP=[0, 0, 1, 0, 0, 0] BA1=0 BS=[0, 0, 0, 0, 0] BP=[0, 0, 0, 0, 0, 0, 0, 0]",exonic,24.7
114,NA,SLC6A1,3,11070510,c.1168_1176del,1168,T,NA,NA,NA,NA,NA,NA,NA,p.Leu390Leu392del,390,L,NA,NA,INDEL,de novo,NA,SLC6A1-Connect,SLC6A1-Connect,Yes,NA,No,3,Yes,30,No,No,No,No,Yes,No,No,No,Yes,No,No,No,No,Unclassified epilepsy,NA,Severe DD/ID,Rare bifrontal spike-and-slow-waves and Rare intermittent background theta/delta slowing,Likely pathogenic,NA,NA,NA,NA
115,NA,SLC6A1,3,11070534,c.1191+1G>T,1191,G,T,NA,NA,NA,NA,NA,NA,NA,NA,NA,NA,NA,Splice,NA,NA,"Epi25 Collaborative, 2019","Epi25 Collaborative, 2019",Yes,NA,NA,NA,Yes,NA,NA,NA,NA,NA,NA,NA,NA,NA,No,NA,NA,NA,NA,GGE,NA,NA,NA,NA,Pathogenic,"InterVar: Pathogenic PVS1=1 PS=[0, 0, 0, 0, 0] PM=[0, 1, 0, 0, 0, 0, 0] PP=[0, 0, 1, 0, 0, 0] BA1=0 BS=[0, 0, 0, 0, 0] BP=[0, 0, 0, 0, 0, 0, 0, 0]",splicing,35
116,NA,SLC6A1,3,11070970,c.1255del,1255,C,NA,NA,NA,NA,NA,NA,NA,p.Arg419Alafs*15,419,R,NA,NA,PTV,NA,NA,"Truty et al., 2019","Truty et al., 2019",Yes,NA,NA,NA,Yes,NA,NA,NA,NA,NA,NA,NA,NA,NA,NA,NA,NA,NA,NA,NA,NA,NA,NA,Likely pathogenic,NA,NA,NA,NA
117,ENST00000287766,SLC6A1,3,11070970,c.1255C>T,1255,C,T,t.1676,+,C,1,Cgc,Tgc,p.Arg419Cys,419,R,C,419,Missense,NA,NA,"Epi25 Collaborative, 2019","Epi25 Collaborative, 2019",Yes,NA,NA,NA,Yes,NA,NA,NA,NA,NA,NA,NA,NA,NA,No,NA,NA,NA,NA,GGE,NA,NA,NA,NA,VUS,"InterVar: Uncertain significance PVS1=0 PS=[0, 0, 0, 0, 0] PM=[1, 0, 0, 0, 0, 0, 0] PP=[0, 0, 1, 0, 0, 0] BA1=0 BS=[0, 0, 0, 0, 0] BP=[0, 0, 0, 0, 0, 0, 0, 0]",exonic,25.3
118,NA,SLC6A1,3,11071039,c.1323+1G>A,1323,G,A,NA,NA,NA,NA,NA,NA,NA,NA,NA,NA,NA,Splice,NA,NA,"Kim et al., 2019","Kim et al., 2019",Yes,Female,Yes,7.7,Yes,41,No,No,Yes,NA,No,No,Yes,NA,No,NA,NA,NA,Yes,CAE,NA,Unclassified DD,Generalized 2.5-3-Hz spike-and-slow-waves,Pathogenic,Pathogenic,"InterVar: Pathogenic PVS1=1 PS=[0, 0, 0, 0, 0] PM=[0, 1, 0, 0, 0, 0, 0] PP=[0, 0, 1, 0, 0, 0] BA1=0 BS=[0, 0, 0, 0, 0] BP=[0, 0, 0, 0, 0, 0, 0, 0]",splicing,36
119,ENST00000287766,SLC6A1,3,11072873,c.1334A>G,1334,A,G,t.1755,+,A,2,tAt,tGt,p.Tyr445Cys,445,Y,C,445,Missense,NA,NA,"Mattison et al., 2018","Mattison et al., 2018",Yes,Female,NA,NA,Yes,NA,NA,NA,NA,NA,NA,NA,NA,NA,NA,NA,NA,NA,NA,Generalized epilepsy,NA,NA,NA,NA,VUS,"InterVar: Uncertain significance PVS1=0 PS=[0, 0, 0, 0, 0] PM=[1, 1, 0, 0, 0, 0, 0] PP=[0, 0, 1, 0, 0, 0] BA1=0 BS=[0, 0, 0, 0, 0] BP=[0, 0, 0, 0, 0, 0, 0, 0]",exonic,26.4
120,NA,SLC6A1,3,11072874,c.1335dup,1335,T,NA,NA,NA,NA,NA,NA,NA,p.Val446Cysfs*6,446,V,NA,NA,PTV,NA,NA,"Truty et al., 2019","Truty et al., 2019",Yes,NA,NA,NA,Yes,NA,NA,NA,NA,NA,NA,NA,NA,NA,NA,NA,NA,NA,NA,NA,NA,NA,NA,Likely pathogenic,NA,NA,NA,NA
121,ENST00000287766,SLC6A1,3,11072876,c.1337T>A,1337,T,A,t.1758,+,T,2,gTc,gAc,p.Val446Asp,446,V,D,446,Missense,NA,NA,"Epi25 Collaborative, 2019","Epi25 Collaborative, 2019",Yes,NA,NA,NA,Yes,NA,NA,NA,NA,NA,NA,NA,NA,NA,No,NA,NA,NA,NA,GGE,NA,NA,NA,NA,VUS,"InterVar: Uncertain significance PVS1=0 PS=[0, 0, 0, 0, 0] PM=[1, 1, 0, 0, 0, 0, 0] PP=[0, 0, 1, 0, 0, 0] BA1=0 BS=[0, 0, 0, 0, 0] BP=[0, 0, 0, 0, 0, 0, 0, 0]",exonic,27.8
122,NA,SLC6A1,3,11072881,c.1342A>T,1342,A,T,NA,NA,NA,NA,NA,NA,p.Lys448*,448,L,NA,NA,PTV,de novo,NA,"Johannesen et al., 2018","Johanensen et al., 2018",Yes,Female,No,10,Yes,36,No,No,No,No,Yes,Yes,No,No,Yes,No,No,Yes,No,EMAS,Moderate DD/ID,Moderate DD/ID,Generalized and lateralized delta slowing and spike-and-slow-waves,Pathogenic,Pathogenic,"InterVar: Pathogenic PVS1=1 PS=[0, 0, 0, 0, 0] PM=[0, 1, 0, 0, 0, 0, 0] PP=[0, 0, 1, 0, 0, 0] BA1=0 BS=[0, 0, 0, 0, 0] BP=[0, 0, 0, 0, 0, 0, 0, 0]",exonic,44
123,ENST00000287766,SLC6A1,3,11072882,c.1343A>G,1343,A,G,t.1764,+,A,2,aAa,aGa,p.Lys448Arg,448,K,R,448,Missense,NA,NA,"Epi25 Collaborative, 2019","Epi25 Collaborative, 2019",Yes,NA,NA,NA,Yes,NA,NA,NA,NA,NA,NA,NA,NA,NA,No,NA,NA,NA,NA,GGE,NA,NA,NA,NA,VUS,"InterVar: Uncertain significance PVS1=0 PS=[0, 0, 0, 0, 0] PM=[1, 1, 0, 0, 0, 0, 0] PP=[0, 0, 1, 0, 0, 0] BA1=0 BS=[0, 0, 0, 0, 0] BP=[0, 0, 0, 0, 0, 0, 0, 0]",exonic,27.9
124,ENST00000287766,SLC6A1,3,11072892,c.1353C>G,1353,C,G,t.1774,+,C,3,gaC,gaG,p.Asp451Glu,451,D,E,451,Missense,maternal,NA,NA,Filadelfia Genetics,No,Female,Yes,11,Yes,NA,NA,NA,NA,NA,NA,NA,NA,NA,NA,NA,NA,NA,NA,NA,NA,Moderate DD/ID,NA,NA,VUS,"InterVar: Uncertain significance PVS1=0 PS=[0, 0, 0, 0, 0] PM=[1, 1, 0, 0, 0, 0, 0] PP=[0, 0, 0, 0, 0, 0] BA1=0 BS=[0, 0, 0, 0, 0] BP=[0, 0, 0, 0, 0, 0, 0, 0]",exonic,14.37
125,NA,SLC6A1,3,11072908,c.1369_1370delGG,1369,G,NA,NA,NA,NA,NA,NA,NA,p.Gly457HisFs*10,457,G,NA,NA,PTV,de novo,NA,"Johannesen et al., 2018","Johanensen et al., 2018",Yes,Male,NA,12,Yes,36,No,No,No,No,Yes,Yes,No,No,No,No,No,Yes,Yes,EMAS,Mild DD/ID,Mild DD/ID,"Initial: Generalized (poly) spike-and-slow-waves, Centrotemporal spike-and-slow-waves; Follow-up: normal",Pathogenic,NA,NA,NA,NA
126,ENST00000287766,SLC6A1,3,11072914,c.1377C>G,1377,C,G,t.1796,+,A,1,Agc,Cgc,p.Ser459Arg,459,S,R,459,Missense,NA,NA,"Truty et al., 2019","Truty et al., 2019",Yes,NA,NA,NA,Yes,NA,NA,NA,NA,NA,NA,NA,NA,NA,NA,NA,NA,NA,NA,NA,NA,NA,NA,NA,Likely pathogenic,"InterVar: Likely pathogenic PVS1=0 PS=[0, 0, 0, 0, 0] PM=[1, 1, 0, 0, 0, 0, 0] PP=[0, 0, 1, 0, 1, 0] BA1=0 BS=[0, 0, 0, 0, 0] BP=[0, 0, 0, 0, 0, 0, 0, 0]",exonic,26.4
127,ENST00000287766,SLC6A1,3,11072914,c.1377C>G,1377,C,G,t.1796,+,A,1,Agc,Cgc,p.Ser459Arg,459,S,R,459,Missense,de novo,NA,"Johannesen et al., 2018","Johanensen et al., 2018",Yes,Female,No,13,Yes,60,No,No,No,No,No,No,No,Yes,No,No,No,No,Yes,Unclassified epilepsy,NA,Severe DD/ID,Generalized (polys) spike-and-slow-waves,NA,Likely pathogenic,"InterVar: Likely pathogenic PVS1=0 PS=[0, 0, 0, 0, 0] PM=[1, 1, 0, 0, 0, 0, 0] PP=[0, 0, 1, 0, 1, 0] BA1=0 BS=[0, 0, 0, 0, 0] BP=[0, 0, 0, 0, 0, 0, 0, 0]",exonic,26.4
128,NA,SLC6A1,3,NA,c.1426+1G>A,1426,G,A,NA,NA,NA,NA,NA,NA,NA,NA,NA,NA,NA,Splice,NA,NA,NA,Filadelfia Genetics,No,Female,Yes,13,Yes,12,No,No,yes,Yes,Yes,Yes,No,No,Yes,No,No,No,Yes,EMAS,NA,Mild DD/ID,NA,VUS,NA,NA,NA,NA
129,NA,SLC6A1,3,NA,c.1427-1 0_1427-6delAATGT,1427,NA,NA,NA,NA,NA,NA,NA,NA,NA,NA,NA,NA,NA,PTV,maternal,NA,NA,Filadelfia Genetics,No,Female,Yes,NA,Yes,NA,No,No,No,No,No,Yes,No,No,Yes,No,No,No,Yes,NA,NA,NA,NA,VUS,NA,NA,NA,NA
130,NA,SLC6A1,3,11075324,c.1427-1G>A,1427,G,A,NA,NA,NA,NA,NA,NA,NA,NA,NA,NA,NA,Splice,NA,NA,"Truty et al., 2019","Truty et al., 2019",Yes,NA,NA,NA,Yes,NA,NA,NA,NA,NA,NA,NA,NA,NA,NA,NA,NA,NA,NA,NA,NA,NA,NA,NA,Pathogenic,"InterVar: Pathogenic PVS1=1 PS=[0, 0, 0, 0, 0] PM=[0, 1, 0, 0, 0, 0, 0] PP=[0, 0, 1, 0, 1, 0] BA1=0 BS=[0, 0, 0, 0, 0] BP=[0, 0, 0, 0, 0, 0, 0, 0]",splicing,34
131,NA,SLC6A1,3,11075316,c.1427-9A>G,1427,A,G,NA,NA,NA,NA,NA,NA,NA,NA,NA,NA,NA,Splice,de novo,NA,SLC6A1-Connect,SLC6A1-Connect,Yes,Male,No,1.6,No,NA,No,NA,NA,NA,NA,NA,No,No,No,No,Yes,no,NA,No seizures,NA,Severe DD/ID,Normal,NA,VUS,"InterVar: Uncertain significance PVS1=0 PS=[0, 0, 0, 0, 0] PM=[0, 1, 0, 0, 0, 0, 0] PP=[0, 0, 1, 0, 0, 0] BA1=0 BS=[0, 0, 0, 0, 0] BP=[0, 0, 0, 0, 0, 0, 0, 0]",intronic,.
132,NA,SLC6A1,3,11075333,c.1435C>T,1435,C,T,NA,NA,NA,NA,NA,NA,p.Arg479*,479,R,NA,NA,PTV,NA,NA,"Truty et al., 2019","Truty et al., 2019",Yes,NA,NA,NA,Yes,NA,NA,NA,NA,NA,NA,NA,NA,NA,NA,NA,NA,NA,NA,NA,NA,NA,NA,Likely pathogenic,Pathogenic,"InterVar: Pathogenic PVS1=1 PS=[0, 0, 0, 0, 0] PM=[0, 1, 0, 0, 0, 0, 0] PP=[0, 0, 1, 0, 1, 0] BA1=0 BS=[0, 0, 0, 0, 0] BP=[0, 0, 0, 0, 0, 0, 0, 0]",exonic,43
133,ENST00000287766,SLC6A1,3,11075358,c.1460T>C,1460,T,C,t.1881,+,T,2,aTg,aCg,p.Met487Thr,487,M,T,487,Missense,NA,NA,"Truty et al., 2019","Truty et al., 2019",Yes,NA,NA,NA,Yes,NA,NA,NA,NA,NA,NA,NA,NA,NA,NA,NA,NA,NA,NA,NA,NA,NA,NA,NA,Likely pathogenic,"InterVar: Likely pathogenic PVS1=0 PS=[0, 0, 0, 0, 0] PM=[1, 1, 0, 0, 0, 0, 0] PP=[0, 0, 1, 0, 1, 0] BA1=0 BS=[0, 0, 0, 0, 0] BP=[0, 0, 0, 0, 0, 0, 0, 0]",exonic,23.7
134,ENST00000287766,SLC6A1,3,11075375,c.1477T>C,1477,T,C,t.1898,+,T,1,Tgc,Cgc,p.Cys493Arg,493,C,R,493,Missense,NA,NA,"Epi25 Collaborative, 2019","Epi25 Collaborative, 2019",Yes,NA,NA,NA,Yes,NA,NA,NA,NA,NA,NA,NA,NA,NA,No,NA,NA,NA,NA,GGE,NA,NA,NA,NA,VUS,"InterVar: Uncertain significance PVS1=0 PS=[0, 0, 0, 0, 0] PM=[1, 1, 0, 0, 0, 0, 0] PP=[0, 0, 0, 0, 0, 0] BA1=0 BS=[0, 0, 0, 0, 0] BP=[0, 0, 0, 0, 0, 0, 0, 0]",exonic,22.9
135,ENST00000287766,SLC6A1,3,11075382,c.1484G>T,1484,G,T,t.1905,+,G,2,tGg,tTg,p.Trp495Leu,495,W,L,495,Missense,de novo,NA,"Rees et al., 2020","Rees et al., 2020",Yes,NA,Yes,NA,No,NA,No,No,No,No,No,No,No,No,No,No,No,No,No,No seizures,NA,Normal,NA,NA,VUS,"InterVar: Uncertain significance PVS1=0 PS=[0, 0, 0, 0, 0] PM=[1, 1, 0, 0, 0, 0, 0] PP=[0, 0, 0, 0, 0, 0] BA1=0 BS=[0, 0, 0, 0, 0] BP=[0, 0, 0, 0, 0, 0, 0, 0]",exonic,23.1
136,NA,SLC6A1,3,NA,c.1487G>A,1487,G,A,NA,NA,NA,NA,NA,NA,p.Trp496*,496,W,NA,NA,PTV,NA,NA,"Mattison et al., 2018","Mattison et al., 2018",Yes,Male,NA,NA,Yes,NA,NA,NA,NA,NA,NA,NA,NA,NA,Yes,NA,Yes,NA,Yes,Generalized epilepsy,NA,NA,NA,Likely pathogenic,Pathogenic,"InterVar: Pathogenic PVS1=1 PS=[0, 0, 0, 0, 0] PM=[0, 1, 0, 0, 0, 0, 0] PP=[0, 0, 1, 0, 0, 0] BA1=0 BS=[0, 0, 0, 0, 0] BP=[0, 0, 0, 0, 0, 0, 0, 0]",exonic,46
137,NA,SLC6A1,3,NA,c.1528-2A>T,1528,G,T,NA,NA,NA,NA,NA,NA,NA,NA,NA,NA,NA,Splice,NA,NA,NA,"Filadelfia Genetics From Artem Borovikov, I reached out to him to try to get additional. info.",No,NA,NA,NA,NA,NA,NA,NA,NA,NA,NA,NA,NA,NA,NA,NA,NA,NA,NA,NA,NA,NA,NA,VUS,NA,NA,NA,NA
138,ENST00000287766,SLC6A1,3,11076220,c.1531G>A,1531,G,A,t.1952,+,G,1,Gtg,Atg,p.Val511Met,511,V,M,511,Missense,de novo,NA,NA,Filadelfia Genetics,No,Male,No,2,Yes,11,no,no,no,no,yes,Yes,No,No,No,No,No,No,yes,NA,Mild DD/ID,Mild DD/ID,EEG with spike-wave complexes (<2.5 Hz),Likely pathogenic,Likely pathogenic,"InterVar: Likely pathogenic PVS1=0 PS=[0, 0, 0, 0, 0] PM=[1, 1, 0, 0, 1, 0, 0] PP=[0, 0, 0, 0, 0, 0] BA1=0 BS=[0, 0, 0, 0, 0] BP=[0, 0, 0, 0, 0, 0, 0, 0]",exonic,24.8
139,ENST00000287766,SLC6A1,3,11076220,c.1531G>A,1531,G,A,t.1952,+,G,1,Gtg,Atg,p.Val511Met,511,V,M,511,Missense,de novo,NA,NA,Filadelfia Genetics,No,Female,No,3.9,Yes,21,No,No,No,No,No,No,No,No,No,No,No,No,Yes,CAE,NA,Mild DD/ID,EEG with spike-wave complexes (2.5-3.5 Hz),Likely pathogenic,Likely pathogenic,"InterVar: Likely pathogenic PVS1=0 PS=[0, 0, 0, 0, 0] PM=[1, 1, 0, 0, 1, 0, 0] PP=[0, 0, 0, 0, 0, 0] BA1=0 BS=[0, 0, 0, 0, 0] BP=[0, 0, 0, 0, 0, 0, 0, 0]",exonic,24.8
140,ENST00000287766,SLC6A1,3,11076220,c.1531G>A,1531,G,A,t.1952,+,G,1,Gtg,Atg,p.Val511Met,511,V,M,511,Missense,NA,NA,"Truty et al., 2019","Truty et al., 2019",Yes,NA,NA,NA,Yes,NA,NA,NA,NA,NA,NA,NA,NA,NA,NA,NA,NA,NA,NA,NA,NA,NA,NA,NA,Likely pathogenic,"InterVar: Likely pathogenic PVS1=0 PS=[0, 0, 0, 0, 0] PM=[1, 1, 0, 0, 1, 0, 0] PP=[0, 0, 0, 0, 0, 0] BA1=0 BS=[0, 0, 0, 0, 0] BP=[0, 0, 0, 0, 0, 0, 0, 0]",exonic,24.8
141,ENST00000287766,SLC6A1,3,11076220,c.1531G>A,1531,G,A,t.1952,+,G,1,Gtg,Atg,p.Val511Met,511,V,M,511,Missense,NA,NA,"Epi25 Collaborative, 2019","Epi25 Collaborative, 2019",Yes,NA,NA,NA,Yes,NA,NA,NA,NA,NA,NA,NA,NA,NA,No,NA,NA,NA,NA,GGE,NA,NA,NA,NA,Likely pathogenic,"InterVar: Likely pathogenic PVS1=0 PS=[0, 0, 0, 0, 0] PM=[1, 1, 0, 0, 1, 0, 0] PP=[0, 0, 0, 0, 0, 0] BA1=0 BS=[0, 0, 0, 0, 0] BP=[0, 0, 0, 0, 0, 0, 0, 0]",exonic,24.8
142,ENST00000287766,SLC6A1,3,11076220,c.1531G>A,1531,G,A,t.1952,+,G,1,Gtg,Atg,p.Val511Met,511,V,M,511,Missense,de novo,NA,"Johannesen et al., 2018","Johanensen et al., 2018",Yes,Male,No,5,Yes,12,No,No,No,No,No,No,Yes,No,No,No,No,No,Yes,Unclassified epilepsy,NA,Mild DD/ID,"Background slowing, Generalized spike-and-slow-waves, Focal spike-and-slow-waves",Likely pathogenic,Likely pathogenic,"InterVar: Likely pathogenic PVS1=0 PS=[0, 0, 0, 0, 0] PM=[1, 1, 0, 0, 1, 0, 0] PP=[0, 0, 0, 0, 0, 0] BA1=0 BS=[0, 0, 0, 0, 0] BP=[0, 0, 0, 0, 0, 0, 0, 0]",exonic,24.8
143,ENST00000287766,SLC6A1,3,11076268,c.1579T>C,1579,T,C,t.2000,+,T,1,Tat,Cat,p.Tyr527His,527,Y,H,527,Missense,NA,NA,"Epi25 Collaborative, 2019","Epi25 Collaborative, 2019",Yes,NA,NA,NA,Yes,NA,NA,NA,NA,NA,NA,NA,NA,NA,No,NA,NA,NA,NA,GGE,NA,NA,NA,NA,VUS,"InterVar: Uncertain significance PVS1=0 PS=[0, 0, 0, 0, 0] PM=[1, 1, 0, 0, 0, 0, 0] PP=[0, 0, 1, 0, 0, 0] BA1=0 BS=[0, 0, 0, 0, 0] BP=[0, 0, 0, 0, 0, 0, 0, 0]",exonic,29.1
144,ENST00000287766,SLC6A1,3,11076278,c.1589C>T,1589,C,T,t.2010,+,C,2,cCc,cTc,p.Pro530Leu,530,P,L,530,Missense,NA,NA,"Epi25 Collaborative, 2019","Epi25 Collaborative, 2019",Yes,NA,NA,NA,Yes,NA,NA,NA,NA,NA,NA,NA,NA,NA,No,NA,NA,NA,NA,GGE,NA,NA,NA,NA,VUS,"InterVar: Uncertain significance PVS1=0 PS=[0, 0, 0, 0, 0] PM=[1, 1, 0, 0, 0, 0, 0] PP=[0, 0, 1, 0, 0, 0] BA1=0 BS=[0, 0, 0, 0, 0] BP=[0, 0, 0, 0, 0, 0, 0, 0]",exonic,31
145,NA,SLC6A1,3,NA,c.1595G>A,1595,G,A,NA,NA,NA,NA,NA,NA,p.Trp532*,532,W,NA,NA,PTV,NA,Loss of function,NA,Filadelfia Genetics,No,NA,No,7,Yes,24,No,No,No,No,Yes,No,No,No,Yes,No,No,No,No,NA,NA,Mild DD/ID,No ictal EEG; interictal paroxysmal runs of theta waves with high amplitude.,Pathogenic,Pathogenic,"InterVar: Pathogenic PVS1=1 PS=[0, 0, 0, 0, 0] PM=[0, 1, 0, 0, 0, 0, 0] PP=[0, 0, 1, 0, 1, 0] BA1=0 BS=[0, 0, 0, 0, 0] BP=[0, 0, 0, 0, 0, 0, 0, 0]",exonic,48
146,ENST00000287766,SLC6A1,3,11076286,c.1597G>C,1597,G,C,t.2018,+,G,1,Ggc,Cgc,p.Gly533Arg,533,G,R,533,Missense,de novo,NA,NA,Filadelfia Genetics,No,Female,No,3,Yes,NA,NA,NA,NA,NA,NA,NA,NA,NA,NA,NA,NA,NA,NA,NA,NA,NA,NA,VUS,VUS,"InterVar: Uncertain significance PVS1=0 PS=[0, 0, 0, 0, 0] PM=[1, 1, 0, 0, 0, 0, 0] PP=[0, 0, 1, 0, 0, 0] BA1=0 BS=[0, 0, 0, 0, 0] BP=[0, 0, 0, 0, 0, 0, 0, 0]",exonic,29.8
147,NA,SLC6A1,3,11076289,c.1600C>T,1600,C,T,NA,NA,NA,NA,NA,NA,p.Gln534*,534,Q,NA,NA,PTV,de novo,NA,"Johannesen et al., 2018","Johanensen et al., 2018",Yes,Female,No,5,Yes,24,No,No,No,Yes,Yes,Yes,Yes,No,No,Yes,No,Yes,Yes,EMAS,Mild DD/ID,Mild DD/ID,"Background slowing, Bioccipital delta slowing, Generalized spike-and-slow-waves",Pathogenic,Pathogenic,"InterVar: Pathogenic PVS1=1 PS=[0, 0, 0, 0, 0] PM=[0, 1, 0, 0, 0, 0, 0] PP=[0, 0, 1, 0, 1, 0] BA1=0 BS=[0, 0, 0, 0, 0] BP=[0, 0, 0, 0, 0, 0, 0, 0]",exonic,46
148,ENST00000287766,SLC6A1,3,11076337,c.1648G>A,1648,G,A,t.2069,+,G,1,Ggg,Cgg,p.Gly550Arg,550,G,R,550,Missense,NA,NA,"Mattison et al., 2018","Mattison et al., 2018",Yes,Male,NA,NA,Yes,NA,NA,NA,Yes,NA,NA,NA,NA,NA,NA,NA,NA,NA,Yes,Generalized epilepsy,NA,NA,NA,NA,Likely pathogenic,"InterVar: Likely pathogenic PVS1=0 PS=[1, 0, 0, 0, 0] PM=[1, 1, 0, 0, 0, 0, 0] PP=[0, 0, 1, 0, 0, 0] BA1=0 BS=[0, 0, 0, 0, 0] BP=[0, 0, 0, 0, 0, 0, 0, 0]",exonic,23.9
149,ENST00000287766,SLC6A1,3,11076337,c.1648G>A,1648,G,A,t.2069,+,G,1,Ggg,Cgg,p.Gly550Arg,550,G,R,550,Missense,NA,NA,"Satterstorm et al., 2018","Satterstorm et al., 2018",Yes,Male,NA,NA,Yes,NA,NA,NA,NA,NA,NA,NA,NA,NA,Yes,NA,NA,NA,NA,NA,NA,NA,NA,NA,Likely pathogenic,"InterVar: Likely pathogenic PVS1=0 PS=[1, 0, 0, 0, 0] PM=[1, 1, 0, 0, 0, 0, 0] PP=[0, 0, 1, 0, 0, 0] BA1=0 BS=[0, 0, 0, 0, 0] BP=[0, 0, 0, 0, 0, 0, 0, 0]",exonic,23.9
150,NA,SLC6A1,3,NA,c.1679dupA,1679,A,NA,NA,NA,NA,NA,NA,NA,p.Ser562Leufs*24,562,S,NA,NA,PTV,maternal,NA,NA,Filadelfia Genetics,No,Male,NA,18,No,NA,NA,NA,NA,NA,NA,NA,No,Yes,Yes,No,No,No,NA,NA,NA,Severe DD/ID,NA,Likely pathogenic,NA,NA,NA,NA
151,ENST00000287766,SLC6A1,3,11078549,c.1697G>A,1697,G,A,t.2118,+,G,2,cGc,cAc,p.Arg566His,566,R,H,566,Missense,inherited,NA,"Posar et al., 2019","Posar et al., 2019",Yes,Male,No,8,Yes,144,No,No,No,Yes,No,No,NA,NA,No,NA,NA,NA,Yes,Unclassified epilepsy,NA,Learning disability,Generalized (bifrontal predominant) 3.5-Hz (poly) spike-and-slow-waves,NA,VUS,"InterVar: Uncertain significance PVS1=0 PS=[0, 0, 0, 0, 0] PM=[1, 1, 0, 0, 0, 0, 0] PP=[0, 0, 0, 0, 0, 0] BA1=0 BS=[0, 0, 0, 0, 0] BP=[0, 0, 0, 0, 0, 0, 0, 0]",exonic,29.9
152,ENST00000287766,SLC6A1,3,11078572,c.1722C>G,1722,C,G,t.2141,+,A,1,Agc,Cgc,p.Ser574Arg,574,S,R,574,Missense,NA,NA,"Epi25 Collaborative, 2019","Epi25 Collaborative, 2019",Yes,NA,NA,NA,Yes,NA,NA,NA,NA,NA,NA,NA,NA,NA,No,NA,NA,NA,NA,NAFE,NA,NA,NA,NA,VUS,"InterVar: Uncertain significance PVS1=0 PS=[0, 0, 0, 0, 0] PM=[1, 1, 0, 0, 0, 0, 0] PP=[0, 0, 0, 0, 0, 0] BA1=0 BS=[0, 0, 0, 0, 0] BP=[0, 0, 0, 1, 0, 0, 0, 0]",exonic,15.49
153,ENST00000287766,SLC6A1,3,11078575,c.1723G>A,1723,G,A,t.2144,+,G,1,Gaa,Aaa,p.Glu575Lys,575,E,K,575,Missense,NA,NA,"Epi25 Collaborative, 2019","Epi25 Collaborative, 2019",Yes,NA,NA,NA,Yes,NA,NA,NA,NA,NA,NA,NA,NA,NA,No,NA,NA,NA,NA,NAFE,NA,NA,NA,NA,VUS,"InterVar: Uncertain significance PVS1=0 PS=[0, 0, 0, 0, 0] PM=[1, 1, 0, 0, 0, 0, 0] PP=[0, 0, 0, 0, 0, 0] BA1=0 BS=[0, 0, 0, 0, 0] BP=[0, 0, 0, 0, 0, 0, 0, 0]",exonic,22.3
154,NA,SLC6A1,3,NA,3p25.3 partial deletion,NA,NA,NA,NA,NA,NA,NA,NA,NA,NA,NA,NA,NA,NA,CNV,de novo,NA,"Johannesen et al., 2018","Johanensen et al., 2018",Yes,Female,No,7,Yes,36,No,No,No,No,Yes,Yes,No,No,No,No,No,No,Yes,EMAS,NA,Mild DD/ID,Background slowing and Generalized delta slowing and spike-and-slow-waves,Likely pathogenic,NA,NA,NA,NA
155,NA,SLC6A1,3,NA,3p25.3 partial deletion,NA,NA,NA,NA,NA,NA,NA,NA,NA,NA,NA,NA,NA,NA,CNV,NA,NA,SLC6A1-Connect,SLC6A1-Connect,Yes,NA,No,4,No,NA,NA,NA,NA,NA,NA,NA,No,No,No,No,No,No,NA,No seizures,NA,NA,"Normal
2018: mild slowing, occasional bursts of generalized activity, no epilepsy, severe non-ictal starring events",Likely pathogenic,NA,NA,NA,NA
156,NA,SLC6A1,3,NA,full deletion of SLC6A1,NA,NA,NA,NA,NA,NA,NA,NA,NA,NA,NA,NA,NA,NA,CNV,NA,NA,"Kim et al., 2019","Kim et al., 2019",Yes,Female,NA,6.8,NA,33,No,No,No,No,Yes,No,No,No,No,No,No,No,Yes,Unclassified epilepsy,NA,Unclassified DD,Bifrontal spike-and-slow-waves,Likely pathogenic,NA,NA,NA,NA
157,ENST00000287766,SLC6A1,3,11070426,c.1084G>A,1084,G,A,t.1505,+,G,1,Ggg,Cgg,p.Gly362Arg,362,G,R,362,Missense,de novo,NA,NA,Filadelfia Genetics,No,NA,NA,NA,NA,NA,NA,NA,NA,NA,NA,NA,NA,NA,NA,NA,NA,NA,NA,NA,NA,NA,NA,NA,Likely pathogenic,"InterVar: Likely pathogenic PVS1=0 PS=[0, 0, 0, 0, 0] PM=[1, 1, 0, 0, 0, 0, 0] PP=[0, 0, 1, 0, 1, 0] BA1=0 BS=[0, 0, 0, 0, 0] BP=[0, 0, 0, 0, 0, 0, 0, 0]",exonic,24.9
158,ENST00000287766,SLC6A1,3,11076337,c.1648G>A,1648,G,A,t.2069,+,G,1,Ggg,Cgg,p.Gly550Arg,550,G,R,550,Missense,de novo,NA,NA,Filadelfia Genetics,No,NA,NA,NA,NA,NA,NA,NA,NA,NA,NA,NA,NA,NA,NA,NA,NA,NA,NA,NA,NA,NA,NA,NA,Likely pathogenic,"InterVar: Likely pathogenic PVS1=0 PS=[1, 0, 0, 0, 0] PM=[1, 1, 0, 0, 0, 0, 0] PP=[0, 0, 1, 0, 0, 0] BA1=0 BS=[0, 0, 0, 0, 0] BP=[0, 0, 0, 0, 0, 0, 0, 0]",exonic,23.9
159,ENST00000287766,SLC6A1,3,11059051,c.154G>A,154,G,A,t.575,+,G,1,Gac,Aac,p.Asp52Asn,52,D,N,52,Missense,de novo,NA,NA,Filadelfia Genetics,No,Female,No,NA,Yes,48,NA,NA,NA,NA,NA,NA,NA,NA,NA,No,NA,NA,NA,CAE,NA,Normal,NA,NA,VUS,"InterVar: Uncertain significance PVS1=0 PS=[0, 0, 0, 0, 0] PM=[1, 1, 0, 0, 0, 0, 0] PP=[0, 0, 1, 0, 0, 0] BA1=0 BS=[0, 0, 0, 0, 0] BP=[0, 0, 0, 0, 0, 0, 0, 0]",exonic,27.4
160,NA,SLC6A1,3,NA,c.801delC,801,C,NA,NA,NA,NA,NA,NA,NA,p.Ile268Serfs*36,268,I,NA,NA,NA,paternal,Loss of function,NA,Filadelfia Genetics,No,Female,Yes,NA,Yes,20,NA,NA,NA,NA,NA,NA,NA,NA,NA,No,NA,NA,NA,NA,NA,Severe DD/ID,NA,NA,NA,NA,NA,NA
161,ENST00000287766,SLC6A1,3,11067967,c.1000G>A,1000,G,A,t.1421,+,G,1,Gca,Aca,p.Ala334Thr,334,A,T,334,Missense,NA,NA,NA,Filadelfia Genetics,No,NA,NA,NA,Yes,NA,NA,NA,NA,NA,NA,NA,NA,NA,NA,NA,NA,NA,NA,NA,NA,Moderate DD/ID,NA,NA,Likely pathogenic,"InterVar: Likely pathogenic PVS1=0 PS=[0, 0, 0, 0, 0] PM=[1, 1, 0, 0, 1, 0, 0] PP=[0, 0, 1, 0, 0, 0] BA1=0 BS=[0, 0, 0, 0, 0] BP=[0, 0, 0, 0, 0, 0, 0, 0]",exonic,28.8
162,ENST00000287766,SLC6A1,3,11059621,c.331G>A,331,G,A,t.752,+,G,1,Ggg,Cgg,p.Gly111Arg,111,G,R,111,Missense,de novo,NA,NA,Filadelfia Genetics,No,Female,Yes,NA,Yes,36,NA,NA,NA,NA,NA,NA,NA,NA,NA,NA,NA,NA,NA,NA,NA,Mild DD/ID,NA,LIkely pathogenic,VUS,"InterVar: Uncertain significance PVS1=0 PS=[0, 0, 0, 0, 0] PM=[1, 1, 0, 0, 0, 0, 0] PP=[0, 0, 1, 0, 0, 0] BA1=0 BS=[0, 0, 0, 0, 0] BP=[0, 0, 0, 0, 0, 0, 0, 0]",exonic,27.7
163,ENST00000287766,SLC6A1,3,11067522,c.913G>A,913,G,A,t.1334,+,G,1,Gct,Act,p.Ala305Thr,305,A,T,305,Missense,NA,NA,NA,Filadelfia Genetics,No,Male,Yes,NA,Yes,45,NA,NA,NA,NA,NA,NA,NA,NA,NA,No,NA,NA,NA,NA,NA,Moderate DD/ID,NA,Likely pathogenic,Likely pathogenic,"InterVar: Likely pathogenic PVS1=0 PS=[0, 0, 0, 0, 0] PM=[1, 1, 0, 0, 0, 0, 0] PP=[0, 0, 1, 0, 1, 0] BA1=0 BS=[0, 0, 0, 0, 0] BP=[0, 0, 0, 0, 0, 0, 0, 0]",exonic,26.2
164,ENST00000287766,SLC6A1,3,11067498,c.889G>A,889,G,A,t.1310,+,G,1,Ggg,Cgg,p.Gly297Arg,297,G,R,297,Missense,maternal,NA,NA,Filadelfia Genetics,No,Male,Yes,NA,Yes,5,NA,NA,NA,NA,NA,NA,NA,NA,NA,No,NA,NA,NA,NA,NA,Severe DD/ID,NA,NA,Likely pathogenic,"InterVar: Likely pathogenic PVS1=0 PS=[0, 0, 0, 0, 0] PM=[1, 1, 0, 0, 0, 0, 0] PP=[0, 0, 1, 0, 1, 0] BA1=0 BS=[0, 0, 0, 0, 0] BP=[0, 0, 0, 0, 0, 0, 0, 0]",exonic,25.5
165,ENST00000287766,SLC6A1,3,11059579,c.289C>A,289,C,A,t.710,+,C,1,Ctc,Atc,p.Leu97Ile,97,L,I,97,Missense,maternal,NA,NA,Filadelfia Genetics,No,Male,Yes,NA,Yes,NA,NA,NA,NA,NA,NA,NA,NA,NA,NA,NA,NA,NA,NA,EMAS,Normal,Mild DD/ID,NA,VUS,VUS,"InterVar: Uncertain significance PVS1=0 PS=[0, 0, 0, 0, 0] PM=[1, 1, 0, 0, 0, 0, 0] PP=[0, 0, 0, 0, 0, 0] BA1=0 BS=[0, 0, 0, 0, 0] BP=[0, 0, 0, 0, 0, 0, 0, 0]",exonic,21
166,NA,SLC6A1,3,NA,c.1702C>T,1702,C,T,NA,NA,NA,NA,NA,NA,p.Gln568*,568,Q,NA,NA,NA,NA,Loss of function,NA,Filadelfia Genetics,No,Female,Yes,NA,No,NA,NA,NA,NA,NA,NA,NA,NA,NA,NA,No,NA,NA,NA,NA,NA,NA,NA,NA,VUS,"InterVar: Uncertain significance PVS1=0 PS=[0, 0, 0, 0, 0] PM=[0, 1, 0, 0, 0, 0, 0] PP=[0, 0, 1, 0, 0, 0] BA1=0 BS=[0, 0, 0, 0, 0] BP=[0, 0, 0, 0, 0, 0, 0, 0]",exonic,41
167,ENST00000287766,SLC6A1,3,11067539,c.930C>G,930,C,G,t.1351,+,C,3,aaC,aaG,p.Asn310Lys,310,N,K,310,Missense,de novo,NA,NA,Filadelfia Genetics,No,Male,No,NA,Yes,8,NA,NA,NA,NA,NA,NA,NA,NA,NA,No,NA,NA,NA,EMAS,NA,Mild DD/ID,NA,Likely pathogenic,VUS,"InterVar: Uncertain significance PVS1=0 PS=[0, 0, 0, 0, 0] PM=[1, 1, 0, 0, 0, 0, 0] PP=[0, 0, 1, 0, 0, 0] BA1=0 BS=[0, 0, 0, 0, 0] BP=[0, 0, 0, 0, 0, 0, 0, 0]",exonic,23.7
168,ENST00000287766,SLC6A1,3,11067965,c.998T>C,998,T,C,t.1419,+,T,2,tTc,tCc,p.Phe333Ser,333,F,S,333,Missense,NA,NA,NA,Filadelfia Genetics,No,NA,NA,NA,NA,NA,NA,NA,NA,NA,NA,NA,NA,NA,NA,NA,NA,NA,NA,NA,NA,NA,NA,VUS,VUS,"InterVar: Uncertain significance PVS1=0 PS=[0, 0, 0, 0, 0] PM=[1, 1, 0, 0, 0, 0, 0] PP=[0, 0, 1, 0, 0, 0] BA1=0 BS=[0, 0, 0, 0, 0] BP=[0, 0, 0, 0, 0, 0, 0, 0]",exonic,29.4
169,ENST00000287766,SLC6A1,3,11076220,c.1531G>A,1531,G,A,t.1952,+,G,1,Gtg,Atg,p.Val511Met,511,V,M,511,Missense,de novo,NA,NA,Filadelfia Genetics,No,Female,No,NA,Yes,18,NA,NA,NA,NA,NA,NA,NA,NA,NA,No,NA,NA,NA,EMAS,NA,Mild DD/ID,NA,NA,Likely pathogenic,"InterVar: Likely pathogenic PVS1=0 PS=[0, 0, 0, 0, 0] PM=[1, 1, 0, 0, 1, 0, 0] PP=[0, 0, 0, 0, 0, 0] BA1=0 BS=[0, 0, 0, 0, 0] BP=[0, 0, 0, 0, 0, 0, 0, 0]",exonic,24.8
170,NA,SLC6A1,3,NA,c.1337delT,1337,T,NA,NA,NA,NA,NA,NA,NA,p.Val446Alafs*13,446,V,NA,NA,NA,de novo,Loss of function,NA,Filadelfia Genetics,No,Female,No,NA,Yes,24,NA,NA,NA,NA,NA,NA,NA,NA,NA,No,NA,NA,NA,EMAS,Moderate DD/ID,Moderate DD/ID,NA,Pathogenic,NA,NA,NA,NA
171,ENST00000287766,SLC6A1,3,11067528,c.919G>A,919,G,A,t.1340,+,G,1,Ggg,Cgg,p.Gly307Arg,307,G,R,307,Missense,de novo,Loss of function,NA,Filadelfia Genetics,No,Male,No,NA,Yes,24,NA,NA,NA,NA,NA,NA,NA,NA,NA,No,NA,NA,NA,Intractable generalized epilepsy,NA,Moderate DD/ID,NA,NA,Likely pathogenic,"InterVar: Likely pathogenic PVS1=0 PS=[0, 0, 0, 0, 0] PM=[1, 1, 0, 0, 0, 0, 0] PP=[0, 0, 1, 0, 1, 0] BA1=0 BS=[0, 0, 0, 0, 0] BP=[0, 0, 0, 0, 0, 0, 0, 0]",exonic,25.8
172,ENST00000287766,SLC6A1,3,11059091,c.194G>A,194,G,A,t.615,+,G,2,gGc,gAc,p.Gly65Asp,65,G,D,65,Missense,NA,NA,NA,Filadelfia Genetics,No,Female,Yes,NA,Yes,36,NA,NA,NA,NA,NA,NA,NA,NA,NA,No,NA,NA,NA,Generalized epilepsy,Mild DD/ID,Mild DD/ID,NA,Likely pathogenic,VUS,"InterVar: Uncertain significance PVS1=0 PS=[0, 0, 0, 0, 0] PM=[1, 1, 0, 0, 0, 0, 0] PP=[0, 0, 1, 0, 0, 0] BA1=0 BS=[0, 0, 0, 0, 0] BP=[0, 0, 0, 0, 0, 0, 0, 0]",exonic,26.9