ID,Transcript,Gene,Chr,Genomic_pos,Original_cDNA_change,cDNA_pos,cDNA_ref,cDNA_alt,Transcript_pos,Direction,Allele,Codon_pos,Codon_alt,Original_AA_change,AA_pos,AA_ref,AA_alt,Aln_pos,Vartype,VEP Annotation,Allele_count,Allele_freq,Maximum credible population AF,CADD_phred,SIFT,SIFT_score,PolyPhen,PolyPhen_score,REVEL_score,EVE_score,Domain
34,ENST00000287766,SLC6A1,3,11058901,c.4G>A,4,G,A,t.425,+,G,1,Acg,p.Ala2Thr,2,A,T,2,Missense,missense_variant,1,3.99e-06,9.18e-06,25.4,deleterious(0.05),0.05,possibly_damaging(0.575),0.575,0.314,NA,N-terminal
41,ENST00000287766,SLC6A1,3,11058910,c.13G>C,13,G,C,t.434,+,G,1,Cgc,p.Gly5Arg,5,G,R,5,Missense,missense_variant,1,3.99e-06,9.18e-06,23.6,deleterious(0.01),0.01,possibly_damaging(0.447),0.447,0.317,NA,N-terminal
138,ENST00000287766,SLC6A1,3,11058910,c.13G>A,13,G,A,t.434,+,G,1,Agc,p.Gly5Ser,5,G,S,5,Missense,missense_variant,4,1.42e-05,9.18e-06,18.91,tolerated(0.12),0.12,benign(0.007),0.007,0.247,NA,N-terminal
9,ENST00000287766,SLC6A1,3,11058913,c.16A>G,16,A,G,t.437,+,A,1,Ggc,p.Ser6Gly,6,S,G,6,Missense,missense_variant,1,3.18e-05,9.18e-06,17.98,tolerated(0.28),0.28,benign(0.01),0.01,0.122,NA,N-terminal
44,ENST00000287766,SLC6A1,3,11058914,c.17G>T,17,G,T,t.438,+,G,2,aTc,p.Ser6Ile,6,S,I,6,Missense,missense_variant,1,3.99e-06,9.18e-06,22,tolerated(0.11),0.11,benign(0.015),0.015,0.135,NA,N-terminal
143,ENST00000287766,SLC6A1,3,11058925,c.28G>A,28,G,A,t.449,+,G,1,Aac,p.Asp10Asn,10,D,N,10,Missense,missense_variant,3,1.06e-05,9.18e-06,22.8,tolerated(0.14),0.14,benign(0.013),0.013,0.192,NA,N-terminal
144,ENST00000287766,SLC6A1,3,11058928,c.31G>A,31,G,A,t.452,+,G,1,Agg,p.Gly11Arg,11,G,R,11,Missense,missense_variant,2,7.08e-06,9.18e-06,24.3,tolerated(0.13),0.13,possibly_damaging(0.852),0.852,0.443,NA,N-terminal
64,ENST00000287766,SLC6A1,3,11058935,c.38T>C,38,T,C,t.459,+,T,2,aCc,p.Ile13Thr,13,I,T,13,Missense,missense_variant,3,1.19e-05,9.18e-06,20.8,tolerated(0.24),0.24,benign(0.039),0.039,0.338,NA,N-terminal
149,ENST00000287766,SLC6A1,3,11058943,c.46G>A,46,G,A,t.467,+,G,1,Aag,p.Glu16Lys,16,E,K,16,Missense,missense_variant,2,7.08e-06,9.18e-06,24.5,tolerated(0.17),0.17,possibly_damaging(0.468),0.468,0.375,NA,N-terminal
10,ENST00000287766,SLC6A1,3,11058949,c.52A>G,52,A,G,t.473,+,A,1,Ggc,p.Ser18Gly,18,S,G,18,Missense,missense_variant,1,3.18e-05,9.18e-06,22.4,tolerated(0.32),0.32,benign(0.015),0.015,0.142,NA,N-terminal
82,ENST00000287766,SLC6A1,3,11058950,c.53G>A,53,G,A,t.474,+,G,2,aAc,p.Ser18Asn,18,S,N,18,Missense,missense_variant,1,3.98e-06,9.18e-06,21.6,tolerated(0.62),0.62,benign(0),0,0.119,NA,N-terminal
86,ENST00000287766,SLC6A1,3,11058953,c.56A>G,56,A,G,t.477,+,A,2,gGg,p.Glu19Gly,19,E,G,19,Missense,missense_variant,1,3.98e-06,9.18e-06,22.5,tolerated(0.32),0.32,benign(0.022),0.022,0.165,NA,N-terminal
85,ENST00000287766,SLC6A1,3,11058954,c.57G>T,57,G,T,t.478,+,G,3,gaT,p.Glu19Asp,19,E,D,19,Missense,missense_variant,1,3.98e-06,9.18e-06,17.49,tolerated(0.39),0.39,benign(0),0,0.11,NA,N-terminal
87,ENST00000287766,SLC6A1,3,11058958,c.61C>A,61,C,A,t.482,+,C,1,Act,p.Pro21Thr,21,P,T,21,Missense,missense_variant,3,1.19e-05,9.18e-06,17.82,tolerated(0.18),0.18,benign(0.001),0.001,0.102,NA,N-terminal
95,ENST00000287766,SLC6A1,3,11058972,c.75C>G,75,C,G,t.496,+,C,3,gaG,p.Asp25Glu,25,D,E,25,Missense,missense_variant,1,3.98e-06,9.18e-06,19.11,tolerated(0.93),0.93,benign(0.115),0.115,0.219,NA,N-terminal
100,ENST00000287766,SLC6A1,3,11058976,c.79C>T,79,C,T,t.500,+,C,1,Tcc,p.Pro27Ser,27,P,S,27,Missense,missense_variant,2,7.96e-06,9.18e-06,22.6,tolerated(0.15),0.15,benign(0.343),0.343,0.363,NA,N-terminal
4,ENST00000287766,SLC6A1,3,11058987,c.90G>C,90,G,C,t.511,+,G,3,ttC,p.Leu30Phe,30,L,F,30,Missense,missense_variant,1,3.19e-05,9.18e-06,22.9,tolerated(0.07),0.07,possibly_damaging(0.459),0.459,0.332,NA,N-terminal
111,ENST00000287766,SLC6A1,3,11058994,c.97A>G,97,A,G,t.518,+,A,1,Gag,p.Lys33Glu,33,K,E,33,Missense,missense_variant,1,3.98e-06,9.18e-06,20.2,tolerated(0.78),0.78,benign(0.026),0.026,0.363,NA,N-terminal
112,ENST00000287766,SLC6A1,3,11058997,c.100G>T,100,G,T,t.521,+,G,1,Ttg,p.Val34Leu,34,V,L,34,Missense,missense_variant,1,3.98e-06,9.18e-06,19.32,tolerated(0.32),0.32,benign(0.026),0.026,0.099,NA,N-terminal
105,ENST00000287766,SLC6A1,3,11058998,c.101T>G,101,T,G,t.522,+,T,2,gGg,p.Val34Gly,34,V,G,34,Missense,missense_variant,1,3.98e-06,9.18e-06,18.45,tolerated(0.38),0.38,benign(0),0,0.378,NA,N-terminal
115,ENST00000287766,SLC6A1,3,11059015,c.118G>A,118,G,A,t.539,+,G,1,Aac,p.Asp40Asn,40,D,N,40,Missense,missense_variant,1,3.98e-06,9.18e-06,21.6,tolerated(0.22),0.22,benign(0.031),0.031,0.167,NA,N-terminal
3,ENST00000287766,SLC6A1,3,11059024,c.127G>C,127,G,C,t.548,+,G,1,Cac,p.Asp43His,43,D,H,43,Missense,missense_variant,1,3.19e-05,9.18e-06,25.2,deleterious(0.01),0.01,possibly_damaging(0.84),0.84,0.369,0.10300472293977124,N-terminal
118,ENST00000287766,SLC6A1,3,11059024,c.127G>A,127,G,A,t.548,+,G,1,Aac,p.Asp43Asn,43,D,N,43,Missense,missense_variant,1,3.98e-06,9.18e-06,23.8,deleterious(0.01),0.01,benign(0.441),0.441,0.288,0.10300472293977124,N-terminal
157,ENST00000287766,SLC6A1,3,11059026,c.129C>A,129,C,A,t.550,+,C,3,gaA,p.Asp43Glu,43,D,E,43,Missense,missense_variant,11,3.89e-05,9.18e-06,12.97,tolerated(1),1,benign(0.007),0.007,0.098,0.10300472293977124,N-terminal
123,ENST00000287766,SLC6A1,3,11059041,c.144G>T,144,G,T,t.565,+,G,3,aaT,p.Lys48Asn,48,K,N,48,Missense,missense_variant,1,3.98e-06,9.18e-06,22,tolerated(0.49),0.49,possibly_damaging(0.53),0.53,0.173,0.07789934781344147,TM1/6
120,ENST00000287766,SLC6A1,3,11059045,c.148C>T,148,C,T,t.569,+,C,1,Tgc,p.Arg50Cys,50,R,C,50,Missense,missense_variant,1,3.98e-06,9.18e-06,27.7,deleterious(0),0,possibly_damaging(0.727),0.727,0.723,0.24348302825660376,TM1/6
121,ENST00000287766,SLC6A1,3,11059046,c.149G>A,149,G,A,t.570,+,G,2,cAc,p.Arg50His,50,R,H,50,Missense,missense_variant,3,1.19e-05,9.18e-06,23.4,deleterious(0.03),0.03,benign(0.007),0.007,0.341,0.24348302825660376,TM1/6
124,ENST00000287766,SLC6A1,3,11059057,c.160C>T,160,C,T,t.581,+,C,1,Ttc,p.Leu54Phe,54,L,F,54,Missense,missense_variant,1,3.98e-06,9.18e-06,26,deleterious(0.02),0.02,probably_damaging(1),1,0.631,0.29381210352962045,TM1/6
50,ENST00000287766,SLC6A1,3,11059125,c.228A>C,228,A,C,t.649,+,A,3,aaC,p.Lys76Asn,76,K,N,76,Missense,missense_variant,1,3.99e-06,9.18e-06,23.3,deleterious(0),0,probably_damaging(1),1,0.605,0.3787956670200537,TM1/6
48,ENST00000287766,SLC6A1,3,11059126,c.229A>G,229,A,G,t.650,+,A,1,Gat,p.Asn77Asp,77,N,D,77,Missense,missense_variant,1,3.99e-06,9.18e-06,26,deleterious(0.01),0.01,probably_damaging(0.999),0.999,0.847,0.8242423124210039,Linker
122,ENST00000287766,SLC6A1,3,11059540,c.250A>T,250,A,T,t.671,+,A,1,Ttc,p.Ile84Phe,84,I,F,84,Missense,missense_variant,1,3.98e-06,9.18e-06,29.7,deleterious(0.02),0.02,probably_damaging(0.958),0.958,0.911,0.5707330411680138,TMD-other
158,ENST00000287766,SLC6A1,3,11059549,c.259T>C,259,T,C,t.680,+,T,1,Ctc,p.Phe87Leu,87,F,L,87,Missense,missense_variant,19,6.72e-05,9.18e-06,23.1,tolerated(0.9),0.9,possibly_damaging(0.765),0.765,0.491,0.2100235004327068,TMD-other
156,ENST00000287766,SLC6A1,3,11059561,c.271A>G,271,A,G,t.692,+,A,1,Gtc,p.Ile91Val,91,I,V,91,Missense,missense_variant,3,1.06e-05,9.18e-06,16.4,tolerated(0.65),0.65,benign(0.018),0.018,0.169,0.1244846718164434,TMD-other
84,ENST00000287766,SLC6A1,3,11060301,c.388G>T,388,G,T,t.809,+,G,1,Tct,p.Ala130Ser,130,A,S,130,Missense,missense_variant,1,3.98e-06,9.18e-06,23.4,tolerated(0.09),0.09,possibly_damaging(0.543),0.543,0.356,NA,Scaffold
106,ENST00000287766,SLC6A1,3,11060337,c.424G>A,424,G,A,t.845,+,G,1,Atc,p.Val142Ile,142,V,I,142,Missense,missense_variant,6,2.39e-05,9.18e-06,21.9,tolerated(0.64),0.64,benign(0.062),0.062,0.392,0.558885169079684,Scaffold
79,ENST00000287766,SLC6A1,3,11060380,c.467C>A,467,C,A,t.888,+,C,2,aAc,p.Thr156Asn,156,T,N,156,Missense,missense_variant,2,7.96e-06,9.18e-06,23.6,tolerated(0.08),0.08,possibly_damaging(0.446),0.446,0.465,0.16681398855291904,Linker
147,ENST00000287766,SLC6A1,3,11060383,c.470C>T,470,C,T,t.891,+,C,2,aTg,p.Thr157Met,157,T,M,157,Missense,missense_variant,5,1.77e-05,9.18e-06,26.9,deleterious(0.02),0.02,probably_damaging(0.956),0.956,0.509,0.0861180089587532,Linker
17,ENST00000287766,SLC6A1,3,11061899,c.472A>C,472,A,C,t.893,+,A,1,Cca,p.Thr158Pro,158,T,P,158,Missense,missense_variant,2,8.05e-06,9.18e-06,22.2,tolerated(0.16),0.16,benign(0.417),0.417,0.313,0.1482763729774653,Linker
31,ENST00000287766,SLC6A1,3,11061920,c.493G>A,493,G,A,t.914,+,G,1,Aac,p.Asp165Asn,165,D,N,165,Missense,missense_variant,2,7.99e-06,9.18e-06,18.07,tolerated(1),1,benign(0.013),0.013,0.125,0.2995878463119778,Linker
133,ENST00000287766,SLC6A1,3,11061920,c.493G>T,493,G,T,t.914,+,G,1,Tac,p.Asp165Tyr,165,D,Y,165,Missense,missense_variant,31,1.10e-04,9.18e-06,25.1,deleterious(0.01),0.01,probably_damaging(0.933),0.933,0.629,0.2995878463119778,Linker
40,ENST00000287766,SLC6A1,3,11061926,c.499C>T,499,C,T,t.920,+,C,1,Tcc,p.Pro167Ser,167,P,S,167,Missense,missense_variant,1,3.99e-06,9.18e-06,16.57,tolerated(0.72),0.72,benign(0.009),0.009,0.039,NA,Linker
136,ENST00000287766,SLC6A1,3,11061941,c.514C>T,514,C,T,t.935,+,C,1,Tgc,p.Arg172Cys,172,R,C,172,Missense,missense_variant,6,2.13e-05,9.18e-06,25.2,tolerated(0.07),0.07,possibly_damaging(0.79),0.79,0.48,NA,Linker
37,ENST00000287766,SLC6A1,3,11061942,c.515G>A,515,G,A,t.936,+,G,2,cAc,p.Arg172His,172,R,H,172,Missense,missense_variant,5,2.00e-05,9.18e-06,20.4,tolerated(0.45),0.45,benign(0.015),0.015,0.095,NA,Linker
36,ENST00000287766,SLC6A1,3,11061948,c.521T>A,521,T,A,t.942,+,T,2,tAc,p.Phe174Tyr,174,F,Y,174,Missense,missense_variant,7,2.79e-05,9.18e-06,21,tolerated(0.28),0.28,benign(0.023),0.023,0.136,NA,Linker
27,ENST00000287766,SLC6A1,3,11061960,c.533G>A,533,G,A,t.954,+,G,2,aAc,p.Ser178Asn,178,S,N,178,Missense,missense_variant,1,4.00e-06,9.18e-06,23.1,tolerated(0.16),0.16,possibly_damaging(0.737),0.737,0.295,NA,Linker
28,ENST00000287766,SLC6A1,3,11061962,c.1A>T,535,A,T,t.956,+,A,1,Ttg,p.Met179Leu,179,M,L,179,Missense,start_lost,1,4.00e-06,9.18e-06,0.518,tolerated(0.94),0.94,benign(0),0,0.079,NA,Linker
132,ENST00000287766,SLC6A1,3,11061962,c.1A>G,535,A,G,t.956,+,A,1,Gtg,p.Met179Val,179,M,V,179,Missense,start_lost,813,2.89e-03,9.18e-06,0.424,tolerated(0.57),0.57,benign(0.003),0.003,0.071,NA,Linker
25,ENST00000287766,SLC6A1,3,11061968,c.541A>G,541,A,G,t.962,+,A,1,Gac,p.Asn181Asp,181,N,D,181,Missense,missense_variant,1,4.00e-06,9.18e-06,19.18,tolerated(0.39),0.39,benign(0.01),0.01,0.211,NA,Linker
11,ENST00000287766,SLC6A1,3,11061970,c.543C>A,543,C,A,t.964,+,C,3,aaA,p.Asn181Lys,181,N,K,181,Missense,missense_variant,1,3.18e-05,9.18e-06,19.37,tolerated(0.06),0.06,possibly_damaging(0.532),0.532,0.243,NA,Linker
8,ENST00000287766,SLC6A1,3,11061972,c.545C>G,545,C,G,t.966,+,C,2,aGt,p.Thr182Ser,182,T,S,182,Missense,missense_variant,2,6.37e-05,9.18e-06,18.88,tolerated(0.49),0.49,benign(0.065),0.065,0.206,NA,Linker
38,ENST00000287766,SLC6A1,3,11064023,c.583C>T,583,C,T,t.1004,+,C,1,Tgc,p.Arg195Cys,195,R,C,195,Missense,missense_variant,2,7.98e-06,9.18e-06,33,deleterious(0),0,probably_damaging(0.976),0.976,0.79,NA,EL2
140,ENST00000287766,SLC6A1,3,11064024,c.584G>A,584,G,A,t.1005,+,G,2,cAc,p.Arg195His,195,R,H,195,Missense,missense_variant,5,1.77e-05,9.18e-06,23.4,tolerated(0.07),0.07,benign(0.212),0.212,0.538,NA,EL2
55,ENST00000287766,SLC6A1,3,11064029,c.589A>T,589,A,T,t.1010,+,A,1,Ttg,p.Met197Leu,197,M,L,197,Missense,missense_variant,1,3.98e-06,9.18e-06,23.6,deleterious(0.02),0.02,benign(0.209),0.209,0.359,NA,Linker
53,ENST00000287766,SLC6A1,3,11064046,c.606C>G,606,C,G,t.1027,+,C,3,gaG,p.Asp202Glu,202,D,E,202,Missense,missense_variant,5,1.99e-05,9.18e-06,15.86,tolerated(0.21),0.21,benign(0.069),0.069,0.12,0.18161024942787987,Linker
142,ENST00000287766,SLC6A1,3,11064056,c.616A>G,616,A,G,t.1037,+,A,1,Gag,p.Lys206Glu,206,K,E,206,Missense,missense_variant,10,3.54e-05,9.18e-06,18.86,tolerated(1),1,benign(0.007),0.007,0.193,0.11992447715733462,Linker
46,ENST00000287766,SLC6A1,3,11064058,c.618G>T,618,G,T,t.1039,+,G,3,aaT,p.Lys206Asn,206,K,N,206,Missense,missense_variant,1,3.99e-06,9.18e-06,22.2,tolerated(0.25),0.25,benign(0.345),0.345,0.165,0.11992447715733462,Linker
24,ENST00000287766,SLC6A1,3,11064071,c.631C>T,631,C,T,t.1052,+,C,1,Tgc,p.Arg211Cys,211,R,C,211,Missense,missense_variant,1,4.01e-06,9.18e-06,30,deleterious(0),0,probably_damaging(1),1,0.842,0.6468709558896188,Linker
21,ENST00000287766,SLC6A1,3,11064098,c.658A>T,658,A,T,t.1079,+,A,1,Ttc,p.Ile220Phe,220,I,F,220,Missense,missense_variant,1,4.01e-06,9.18e-06,23.8,tolerated(0.08),0.08,possibly_damaging(0.548),0.548,0.613,0.11390140046031792,TMD-other
22,ENST00000287766,SLC6A1,3,11064098,c.658A>G,658,A,G,t.1079,+,A,1,Gtc,p.Ile220Val,220,I,V,220,Missense,missense_variant,2,8.03e-06,9.18e-06,19.45,tolerated(0.33),0.33,benign(0.015),0.015,0.186,0.11390140046031792,TMD-other
23,ENST00000287766,SLC6A1,3,11064099,c.659T>A,659,T,A,t.1080,+,T,2,aAc,p.Ile220Asn,220,I,N,220,Missense,missense_variant,1,4.01e-06,9.18e-06,27.3,deleterious(0),0,possibly_damaging(0.83),0.83,0.863,0.11390140046031792,TMD-other
18,ENST00000287766,SLC6A1,3,11064101,c.661G>A,661,G,A,t.1082,+,G,1,Acc,p.Ala221Thr,221,A,T,221,Missense,missense_variant,1,4.02e-06,9.18e-06,24.8,tolerated(0.09),0.09,probably_damaging(0.943),0.943,0.475,NA,TMD-other
19,ENST00000287766,SLC6A1,3,11064102,c.662C>T,662,C,T,t.1083,+,C,2,gTc,p.Ala221Val,221,A,V,221,Missense,missense_variant,1,4.02e-06,9.18e-06,24.6,tolerated(0.3),0.3,probably_damaging(0.968),0.968,0.412,NA,TMD-other
39,ENST00000287766,SLC6A1,3,11067139,c.719T>C,719,T,C,t.1140,+,T,2,gCc,p.Val240Ala,240,V,A,240,Missense,missense_variant,1,3.99e-06,9.18e-06,23.5,deleterious(0.03),0.03,benign(0.249),0.249,0.889,0.3304699910226155,TMD-other
139,ENST00000287766,SLC6A1,3,11067144,c.724T>G,724,T,G,t.1145,+,T,1,Gtt,p.Phe242Val,242,F,V,242,Missense,missense_variant,2,7.09e-06,9.18e-06,22.7,tolerated(0.1),0.1,benign(0.015),0.015,0.642,0.5853701506207295,TMD-other
49,ENST00000287766,SLC6A1,3,11067157,c.737A>G,737,A,G,t.1158,+,A,2,tGc,p.Tyr246Cys,246,Y,C,246,Missense,missense_variant,1,3.99e-06,9.18e-06,25.4,deleterious(0),0,possibly_damaging(0.834),0.834,0.863,0.11729081146040088,TMD-other
88,ENST00000287766,SLC6A1,3,11067189,c.769C>T,769,C,T,t.1190,+,C,1,Tgt,p.Arg257Cys,257,R,C,257,Missense,missense_variant,6,2.39e-05,9.18e-06,25.5,deleterious(0),0,benign(0.011),0.011,0.832,0.7460564386143858,TMD-other
154,ENST00000287766,SLC6A1,3,11067190,c.770G>A,770,G,A,t.1191,+,G,2,cAt,p.Arg257His,257,R,H,257,Missense,missense_variant,3,1.06e-05,9.18e-06,28.8,deleterious(0.04),0.04,possibly_damaging(0.908),0.908,0.884,0.7460564386143858,TMD-other
155,ENST00000287766,SLC6A1,3,11067199,c.779C>T,779,C,T,t.1200,+,C,2,aTg,p.Thr260Met,260,T,M,260,Missense,missense_variant,10,3.54e-05,9.18e-06,25.8,deleterious(0.03),0.03,probably_damaging(0.937),0.937,0.795,0.7237545287018037,TMD-other
80,ENST00000287766,SLC6A1,3,11067249,c.829C>A,829,C,A,t.1250,+,C,1,Agc,p.Arg277Ser,277,R,S,277,Missense,missense_variant,1,3.98e-06,9.18e-06,16.88,tolerated(1),1,benign(0.001),0.001,0.165,0.05461826204856995,EL3
151,ENST00000287766,SLC6A1,3,11067249,c.829C>T,829,C,T,t.1250,+,C,1,Tgc,p.Arg277Cys,277,R,C,277,Missense,missense_variant,4,1.42e-05,9.18e-06,23.6,deleterious(0),0,benign(0),0,0.21,0.05461826204856995,EL3
76,ENST00000287766,SLC6A1,3,11067250,c.830G>C,830,G,C,t.1251,+,G,2,cCc,p.Arg277Pro,277,R,P,277,Missense,missense_variant,1,3.98e-06,9.18e-06,23.6,deleterious(0.01),0.01,benign(0.22),0.22,0.321,0.05461826204856995,EL3
77,ENST00000287766,SLC6A1,3,11067250,c.830G>T,830,G,T,t.1251,+,G,2,cTc,p.Arg277Leu,277,R,L,277,Missense,missense_variant,4,1.59e-05,9.18e-06,22.1,tolerated(0.11),0.11,benign(0.087),0.087,0.132,0.05461826204856995,EL3
150,ENST00000287766,SLC6A1,3,11067250,c.830G>A,830,G,A,t.1251,+,G,2,cAc,p.Arg277His,277,R,H,277,Missense,missense_variant,12,4.25e-05,9.18e-06,23.5,deleterious(0.01),0.01,benign(0.358),0.358,0.196,0.05461826204856995,EL3
68,ENST00000287766,SLC6A1,3,11067259,c.839C>G,839,C,G,t.1260,+,C,2,tGt,p.Ser280Cys,280,S,C,280,Missense,missense_variant,2,7.96e-06,9.18e-06,23.2,tolerated(0.08),0.08,possibly_damaging(0.494),0.494,0.326,0.0732682628792459,EL3
119,ENST00000287766,SLC6A1,3,11067459,c.850G>A,850,G,A,t.1271,+,G,1,Atg,p.Val284Met,284,V,M,284,Missense,missense_variant,1,3.98e-06,9.18e-06,33,deleterious(0),0,probably_damaging(1),1,0.893,0.4556440233690926,TM1/6
125,ENST00000287766,SLC6A1,3,11067487,c.878T>G,878,T,G,t.1299,+,T,2,tGc,p.Phe293Cys,293,F,C,293,Missense,missense_variant,1,3.98e-06,9.18e-06,27.9,deleterious(0),0,probably_damaging(0.984),0.984,0.953,0.5500513867770837,TM1/6
152,ENST00000287766,SLC6A1,3,11067538,c.929A>G,929,A,G,t.1350,+,A,2,aGc,p.Asn310Ser,310,N,S,310,Missense,missense_variant,8,2.83e-05,9.18e-06,24.8,deleterious(0.01),0.01,probably_damaging(0.999),0.999,0.833,0.7852766158597833,Linker
116,ENST00000287766,SLC6A1,3,11067540,c.931T>G,931,T,G,t.1352,+,T,1,Gct,p.Ser311Ala,311,S,A,311,Missense,missense_variant,1,3.98e-06,9.18e-06,21.9,deleterious(0.04),0.04,benign(0.003),0.003,0.177,0.1333401129485987,Linker
117,ENST00000287766,SLC6A1,3,11067540,c.931T>C,931,T,C,t.1352,+,T,1,Cct,p.Ser311Pro,311,S,P,311,Missense,missense_variant,1,3.98e-06,9.18e-06,20.4,tolerated(0.16),0.16,benign(0),0,0.185,0.1333401129485987,Linker
6,ENST00000287766,SLC6A1,3,11067541,c.932C>G,932,C,G,t.1353,+,C,2,tGt,p.Ser311Cys,311,S,C,311,Missense,missense_variant,1,3.19e-05,9.18e-06,24.7,deleterious(0),0,possibly_damaging(0.7),0.7,0.485,0.1333401129485987,Linker
104,ENST00000287766,SLC6A1,3,11067552,c.943A>G,943,A,G,t.1364,+,A,1,Gat,p.Asn315Asp,315,N,D,315,Missense,missense_variant,1,3.98e-06,9.18e-06,22.5,tolerated(0.1),0.1,benign(0.127),0.127,0.645,0.7379033320876507,TMD-other
5,ENST00000287766,SLC6A1,3,11067558,c.949T>C,949,T,C,t.1370,+,T,1,Cac,p.Tyr317His,317,Y,H,317,Missense,missense_variant,1,3.19e-05,9.18e-06,25.9,deleterious(0.01),0.01,probably_damaging(1),1,0.819,0.5313768355135522,TMD-other
145,ENST00000287766,SLC6A1,3,11067928,c.961A>G,961,A,G,t.1382,+,A,1,Gtc,p.Ile321Val,321,I,V,321,Missense,missense_variant,8,2.83e-05,9.18e-06,20.4,tolerated(0.34),0.34,benign(0.058),0.058,0.115,0.2489805189288453,TMD-other
81,ENST00000287766,SLC6A1,3,11067933,c.966C>G,966,C,G,t.1387,+,C,3,atG,p.Ile322Met,322,I,M,322,Missense,missense_variant,1,3.98e-06,9.18e-06,22.3,tolerated(0.33),0.33,probably_damaging(1),1,0.516,0.2445486716254744,TMD-other
146,ENST00000287766,SLC6A1,3,11067934,c.967G>A,967,G,A,t.1388,+,G,1,Atc,p.Val323Ile,323,V,I,323,Missense,missense_variant,2,7.08e-06,9.18e-06,23.3,tolerated(0.14),0.14,benign(0.196),0.196,0.337,0.3613871522484109,TMD-other
94,ENST00000287766,SLC6A1,3,11067950,c.983C>T,983,C,T,t.1404,+,C,2,tTg,p.Ser328Leu,328,S,L,328,Missense,missense_variant,1,3.98e-06,9.18e-06,27.8,deleterious(0),0,probably_damaging(0.999),0.999,0.83,0.28610634148320324,TMD-other
103,ENST00000287766,SLC6A1,3,11067961,c.994A>G,994,A,G,t.1415,+,A,1,Gtg,p.Met332Val,332,M,V,332,Missense,missense_variant,3,1.19e-05,9.18e-06,22,tolerated(0.13),0.13,benign(0.389),0.389,0.371,0.3185230899064154,TMD-other
7,ENST00000287766,SLC6A1,3,11067963,c.996G>T,996,G,T,t.1417,+,G,3,atT,p.Met332Ile,332,M,I,332,Missense,missense_variant,1,3.19e-05,9.18e-06,22.5,tolerated(0.23),0.23,benign(0.046),0.046,0.31,0.3185230899064154,TMD-other
101,ENST00000287766,SLC6A1,3,11067963,c.996G>A,996,G,A,t.1417,+,G,3,atA,p.Met332Ile,332,M,I,332,Missense,missense_variant,1,3.98e-06,9.18e-06,22.6,tolerated(0.23),0.23,benign(0.046),0.046,0.31,0.3185230899064154,TMD-other
102,ENST00000287766,SLC6A1,3,11067967,c.1000G>A,1000,G,A,t.1421,+,G,1,Aca,p.Ala334Thr,334,A,T,334,Missense,missense_variant,1,3.98e-06,9.18e-06,28.8,deleterious(0),0,probably_damaging(1),1,0.861,NA,TMD-other
96,ENST00000287766,SLC6A1,3,11067976,c.1009G>A,1009,G,A,t.1430,+,G,1,Atc,p.Val337Ile,337,V,I,337,Missense,missense_variant,1,3.98e-06,9.18e-06,26.8,deleterious(0),0,probably_damaging(0.934),0.934,0.53,0.2214526300536588,TMD-other
110,ENST00000287766,SLC6A1,3,11067988,c.1021A>G,1021,A,G,t.1442,+,A,1,Gtc,p.Ile341Val,341,I,V,341,Missense,missense_variant,1,3.98e-06,9.18e-06,22.5,tolerated(1),1,possibly_damaging(0.796),0.796,0.364,0.1934144190973594,TMD-other
97,ENST00000287766,SLC6A1,3,11068003,c.1036G>T,1036,G,T,t.1457,+,G,1,Tcc,p.Ala346Ser,346,A,S,346,Missense,missense_variant,1,3.98e-06,9.18e-06,22.1,tolerated(0.27),0.27,benign(0.025),0.025,0.293,NA,TMD-other
98,ENST00000287766,SLC6A1,3,11068007,c.1040A>G,1040,A,G,t.1461,+,A,2,cGt,p.His347Arg,347,H,R,347,Missense,missense_variant,2,7.96e-06,9.18e-06,22.6,tolerated(0.09),0.09,benign(0.289),0.289,0.39,NA,TMD-other
89,ENST00000287766,SLC6A1,3,11068017,c.1050G>C,1050,G,C,t.1471,+,G,3,aaC,p.Lys350Asn,350,K,N,350,Missense,missense_variant,1,3.98e-06,9.18e-06,22.4,tolerated(0.2),0.2,benign(0.094),0.094,0.081,NA,Linker
78,ENST00000287766,SLC6A1,3,11068025,c.1058T>C,1058,T,C,t.1479,+,T,2,aCt,p.Ile353Thr,353,I,T,353,Missense,missense_variant,1,3.98e-06,9.18e-06,26.5,deleterious(0),0,possibly_damaging(0.699),0.699,0.902,NA,EL4
63,ENST00000287766,SLC6A1,3,11068028,c.1061C>T,1061,C,T,t.1482,+,C,2,gTt,p.Ala354Val,354,A,V,354,Missense,missense_variant,1,3.98e-06,9.18e-06,24.7,deleterious(0),0,benign(0.16),0.16,0.336,NA,EL4
109,ENST00000287766,SLC6A1,3,11070465,c.1123C>A,1123,C,A,t.1544,+,C,1,Atg,p.Leu375Met,375,L,M,375,Missense,missense_variant,1,3.98e-06,9.18e-06,23.2,tolerated(1),1,probably_damaging(0.969),0.969,0.376,0.6918623718019823,Linker
107,ENST00000287766,SLC6A1,3,11070471,c.1129A>G,1129,A,G,t.1550,+,A,1,Gtc,p.Ile377Val,377,I,V,377,Missense,missense_variant,1,3.98e-06,9.18e-06,16.68,tolerated(0.73),0.73,benign(0.003),0.003,0.07,0.1733073695503381,Scaffold
126,ENST00000287766,SLC6A1,3,11070928,c.1213A>G,1213,A,G,t.1634,+,A,1,Gtc,p.Ile405Val,405,I,V,405,Missense,missense_variant,5,1.81e-05,9.18e-06,17.38,tolerated(1),1,benign(0.078),0.078,0.257,0.21782283074757605,Scaffold
127,ENST00000287766,SLC6A1,3,11070940,c.1225G>A,1225,G,A,t.1646,+,G,1,Atg,p.Val409Met,409,V,M,409,Missense,missense_variant,2,7.22e-06,9.18e-06,23,tolerated(0.22),0.22,benign(0.246),0.246,0.34,0.2431086628264504,Scaffold
13,ENST00000287766,SLC6A1,3,11070943,c.1228G>A,1228,G,A,t.1649,+,G,1,Aat,p.Asp410Asn,410,D,N,410,Missense,missense_variant,1,4.06e-06,9.18e-06,31,deleterious(0.01),0.01,probably_damaging(0.94),0.94,0.862,0.8234728750252821,Scaffold
128,ENST00000287766,SLC6A1,3,11070958,c.1243C>A,1243,C,A,t.1664,+,C,1,Atc,p.Leu415Ile,415,L,I,415,Missense,missense_variant,696,2.49e-03,9.18e-06,17.91,tolerated(0.34),0.34,benign(0.015),0.015,0.129,0.2225945997195269,Linker
14,ENST00000287766,SLC6A1,3,11070961,c.1246C>T,1246,C,T,t.1667,+,C,1,Ttc,p.Leu416Phe,416,L,F,416,Missense,missense_variant,1,4.03e-06,9.18e-06,23.9,tolerated(0.52),0.52,probably_damaging(0.984),0.984,0.34,0.5674985776507282,Linker
16,ENST00000287766,SLC6A1,3,11070964,c.1249C>T,1249,C,T,t.1670,+,C,1,Tgc,p.Arg417Cys,417,R,C,417,Missense,missense_variant,2,8.05e-06,9.18e-06,32,deleterious(0),0,probably_damaging(0.985),0.985,0.726,0.5574537547385608,Linker
129,ENST00000287766,SLC6A1,3,11070965,c.1250G>A,1250,G,A,t.1671,+,G,2,cAc,p.Arg417His,417,R,H,417,Missense,missense_variant,32,1.14e-04,9.18e-06,26,deleterious(0.05),0.05,benign(0.303),0.303,0.652,0.5574537547385608,Linker
20,ENST00000287766,SLC6A1,3,11070969,c.1254C>A,1254,C,A,t.1675,+,C,3,aaA,p.Asn418Lys,418,N,K,418,Missense,missense_variant,1,4.01e-06,9.18e-06,15.62,tolerated(1),1,benign(0),0,0.146,0.09657024919500212,Linker
131,ENST00000287766,SLC6A1,3,11070970,c.1255C>T,1255,C,T,t.1676,+,C,1,Tgc,p.Arg419Cys,419,R,C,419,Missense,missense_variant,3,1.07e-05,9.18e-06,25.3,deleterious(0.01),0.01,benign(0.212),0.212,0.58,0.35652539952860496,Linker
130,ENST00000287766,SLC6A1,3,11070971,c.1256G>A,1256,G,A,t.1677,+,G,2,cAc,p.Arg419His,419,R,H,419,Missense,missense_variant,3,1.07e-05,9.18e-06,26.4,tolerated(0.06),0.06,probably_damaging(0.976),0.976,0.572,0.35652539952860496,Linker
30,ENST00000287766,SLC6A1,3,11070991,c.1276G>A,1276,G,A,t.1697,+,G,1,Act,p.Ala426Thr,426,A,T,426,Missense,missense_variant,1,4.00e-06,9.18e-06,22,tolerated(0.37),0.37,benign(0.003),0.003,0.139,NA,TMD-other
35,ENST00000287766,SLC6A1,3,11071000,c.1285A>G,1285,A,G,t.1706,+,A,1,Gtc,p.Ile429Val,429,I,V,429,Missense,missense_variant,1,3.99e-06,9.18e-06,10.44,tolerated(1),1,benign(0.001),0.001,0.077,0.10233809367397904,TMD-other
1,ENST00000287766,SLC6A1,3,11071015,c.1300A>T,1300,A,T,t.1721,+,A,1,Ttc,p.Ile434Phe,434,I,F,434,Missense,missense_variant,1,3.19e-05,9.18e-06,25.3,tolerated(0.05),0.05,possibly_damaging(0.688),0.688,0.787,0.2934669778569965,TMD-other
134,ENST00000287766,SLC6A1,3,11071017,c.1302C>G,1302,C,G,t.1723,+,C,3,atG,p.Ile434Met,434,I,M,434,Missense,missense_variant,2,7.10e-06,9.18e-06,17.43,tolerated(0.06),0.06,possibly_damaging(0.894),0.894,0.566,0.2934669778569965,TMD-other
65,ENST00000287766,SLC6A1,3,11072863,c.1324G>A,1324,G,A,t.1745,+,G,1,Agg,p.Gly442Arg,442,G,R,442,Missense,missense_variant,1,3.98e-06,9.18e-06,33,deleterious(0),0,probably_damaging(1),1,0.904,0.3752419229929628,Linker
92,ENST00000287766,SLC6A1,3,11072881,c.1342A>C,1342,A,C,t.1763,+,A,1,Caa,p.Lys448Gln,448,K,Q,448,Missense,missense_variant,1,3.98e-06,9.18e-06,23.4,tolerated(1),1,probably_damaging(1),1,0.509,0.13957773343551133,Scaffold
91,ENST00000287766,SLC6A1,3,11072882,c.1343A>G,1343,A,G,t.1764,+,A,2,aGa,p.Lys448Arg,448,K,R,448,Missense,missense_variant,2,7.96e-06,9.18e-06,27.9,deleterious(0),0,probably_damaging(0.999),0.999,0.495,0.13957773343551133,Scaffold
12,ENST00000287766,SLC6A1,3,11072911,c.1372A>G,1372,A,G,t.1793,+,A,1,Gtg,p.Met458Val,458,M,V,458,Missense,missense_variant,1,3.18e-05,9.18e-06,23.9,tolerated(0.15),0.15,probably_damaging(0.994),0.994,0.581,0.2221418504194373,Scaffold
29,ENST00000287766,SLC6A1,3,11072948,c.1409C>G,1409,C,G,t.1830,+,C,2,tGt,p.Ser470Cys,470,S,C,470,Missense,missense_variant,2,8.00e-06,9.18e-06,24.1,tolerated(1),1,probably_damaging(1),1,0.53,0.05359069067504216,Scaffold
26,ENST00000287766,SLC6A1,3,11072950,c.1411A>G,1411,A,G,t.1832,+,A,1,Gtt,p.Ile471Val,471,I,V,471,Missense,missense_variant,1,4.00e-06,9.18e-06,23.5,tolerated(0.46),0.46,possibly_damaging(0.578),0.578,0.381,0.4691089015591872,Scaffold
15,ENST00000287766,SLC6A1,3,11075324,c.1426G>A,1426,G,A,t.1847,+,G,1,Agt,p.Gly476Ser,476,G,S,476,Missense,missense_variant,2,8.05e-06,9.18e-06,33,deleterious(0.02),0.02,possibly_damaging(0.52),0.52,0.886,0.7092459930176505,Linker
43,ENST00000287766,SLC6A1,3,11075331,c.1433A>G,1433,A,G,t.1854,+,A,2,aGc,p.Asn478Ser,478,N,S,478,Missense,missense_variant,1,3.99e-06,9.18e-06,23.4,deleterious(0.04),0.04,benign(0.026),0.026,0.331,0.31839391650138443,Linker
45,ENST00000287766,SLC6A1,3,11075334,c.1436G>A,1436,G,A,t.1857,+,G,2,cAa,p.Arg479Gln,479,R,Q,479,Missense,missense_variant,18,7.18e-05,9.18e-06,29.7,deleterious(0.01),0.01,possibly_damaging(0.623),0.623,0.592,0.6473114989305383,Linker
60,ENST00000287766,SLC6A1,3,11075340,c.1442A>T,1442,A,T,t.1863,+,A,2,tTt,p.Tyr481Phe,481,Y,F,481,Missense,missense_variant,1,3.98e-06,9.18e-06,24.3,deleterious(0.03),0.03,benign(0.026),0.026,0.468,0.2804337435818115,Linker
69,ENST00000287766,SLC6A1,3,11075346,c.1448A>G,1448,A,G,t.1869,+,A,2,aGt,p.Asn483Ser,483,N,S,483,Missense,missense_variant,1,3.98e-06,9.18e-06,23.6,deleterious(0.02),0.02,benign(0.338),0.338,0.539,0.2018570091516984,Linker
90,ENST00000287766,SLC6A1,3,11075389,c.1491A>T,1491,A,T,t.1912,+,A,3,aaT,p.Lys497Asn,497,K,N,497,Missense,missense_variant,2,7.96e-06,9.18e-06,20.9,deleterious(0.01),0.01,possibly_damaging(0.696),0.696,0.603,0.5037357453090593,TMD-other
83,ENST00000287766,SLC6A1,3,11075403,c.1505T>A,1505,T,A,t.1926,+,T,2,tAc,p.Phe502Tyr,502,F,Y,502,Missense,missense_variant,1,3.98e-06,9.18e-06,22.4,tolerated(0.52),0.52,benign(0.026),0.026,0.161,0.2501859167303952,TMD-other
148,ENST00000287766,SLC6A1,3,11075414,c.1516A>G,1516,A,G,t.1937,+,A,1,Gtc,p.Ile506Val,506,I,V,506,Missense,missense_variant,4,1.42e-05,9.18e-06,17.12,tolerated(0.89),0.89,benign(0.003),0.003,0.134,0.071596560979400925,TMD-other
42,ENST00000287766,SLC6A1,3,11075424,c.1526C>T,1526,C,T,t.1947,+,C,2,gTg,p.Ala509Val,509,A,V,509,Missense,missense_variant,7,2.79e-05,9.18e-06,24.7,tolerated(0.37),0.37,benign(0.269),0.269,0.293,NA,TMD-other
135,ENST00000287766,SLC6A1,3,11076248,c.1559C>T,1559,C,T,t.1980,+,C,2,aTg,p.Thr520Met,520,T,M,520,Missense,missense_variant,8,2.84e-05,9.18e-06,27.4,deleterious(0.01),0.01,possibly_damaging(0.885),0.885,0.355,NA,Linker
108,ENST00000287766,SLC6A1,3,11076293,c.1604G>T,1604,G,T,t.2025,+,G,2,gTt,p.Gly535Val,535,G,V,535,Missense,missense_variant,10,3.98e-05,9.18e-06,22.9,tolerated(0.47),0.47,benign(0.284),0.284,0.44,NA,TMD-other
113,ENST00000287766,SLC6A1,3,11076325,c.1636G>T,1636,G,T,t.2057,+,G,1,Ttc,p.Val546Phe,546,V,F,546,Missense,missense_variant,1,3.98e-06,9.18e-06,23.1,deleterious(0.03),0.03,benign(0.038),0.038,0.483,NA,TMD-other
114,ENST00000287766,SLC6A1,3,11076328,c.1639C>T,1639,C,T,t.2060,+,C,1,Ttc,p.Leu547Phe,547,L,F,547,Missense,missense_variant,1,3.98e-06,9.18e-06,23.6,tolerated(0.07),0.07,possibly_damaging(0.452),0.452,0.282,NA,TMD-other
99,ENST00000287766,SLC6A1,3,11076344,c.1655T>C,1655,T,C,t.2076,+,T,2,aCg,p.Met552Thr,552,M,T,552,Missense,missense_variant,1,3.98e-06,9.18e-06,22.3,tolerated(0.09),0.09,benign(0.324),0.324,0.583,NA,TMD-other
93,ENST00000287766,SLC6A1,3,11076345,c.1656G>A,1656,G,A,t.2077,+,G,3,atA,p.Met552Ile,552,M,I,552,Missense,missense_variant,1,3.98e-06,9.18e-06,23,tolerated(0.45),0.45,benign(0.026),0.026,0.343,NA,TMD-other
153,ENST00000287766,SLC6A1,3,11076352,c.1663A>G,1663,A,G,t.2084,+,A,1,Gtg,p.Met555Val,555,M,V,555,Missense,missense_variant,16,5.66e-05,9.18e-06,19.83,tolerated(0.28),0.28,benign(0.078),0.078,0.223,NA,TMD-other
66,ENST00000287766,SLC6A1,3,11076362,c.1673C>A,1673,C,A,t.2094,+,C,2,aAc,p.Thr558Asn,558,T,N,558,Missense,missense_variant,1,3.98e-06,9.18e-06,21.6,tolerated(0.34),0.34,benign(0.024),0.024,0.152,NA,TMD-other
32,ENST00000287766,SLC6A1,3,11078549,c.1697G>A,1697,G,A,t.2118,+,G,2,cAc,p.Arg566His,566,R,H,566,Missense,missense_variant,1,3.99e-06,9.18e-06,29.9,deleterious(0),0,possibly_damaging(0.791),0.791,0.667,NA,C-terminal
47,ENST00000287766,SLC6A1,3,11078557,c.1705G>A,1705,G,A,t.2126,+,G,1,Atc,p.Val569Ile,569,V,I,569,Missense,missense_variant,1,3.99e-06,9.18e-06,19.78,tolerated(0.48),0.48,benign(0),0,0.172,NA,C-terminal
2,ENST00000287766,SLC6A1,3,11078563,c.1711G>A,1711,G,A,t.2132,+,G,1,Atc,p.Val571Ile,571,V,I,571,Missense,missense_variant,1,3.19e-05,9.18e-06,14.3,tolerated(0.56),0.56,benign(0),0,0.148,NA,C-terminal
52,ENST00000287766,SLC6A1,3,11078564,c.1712T>G,1712,T,G,t.2133,+,T,2,gGc,p.Val571Gly,571,V,G,571,Missense,missense_variant,1,3.98e-06,9.18e-06,20.3,tolerated(0.22),0.22,benign(0.015),0.015,0.327,NA,C-terminal
59,ENST00000287766,SLC6A1,3,11078567,c.1715A>G,1715,A,G,t.2136,+,A,2,cGg,p.Gln572Arg,572,Q,R,572,Missense,missense_variant,1,3.98e-06,9.18e-06,19.74,tolerated(0.7),0.7,benign(0),0,0.154,NA,C-terminal
56,ENST00000287766,SLC6A1,3,11078569,c.1717C>A,1717,C,A,t.2138,+,C,1,Acc,p.Pro573Thr,573,P,T,573,Missense,missense_variant,1,3.98e-06,9.18e-06,22.7,deleterious(0.01),0.01,benign(0.335),0.335,0.598,NA,C-terminal
57,ENST00000287766,SLC6A1,3,11078569,c.1717C>T,1717,C,T,t.2138,+,C,1,Tcc,p.Pro573Ser,573,P,S,573,Missense,missense_variant,1,3.98e-06,9.18e-06,22.8,deleterious(0.02),0.02,benign(0.03),0.03,0.429,NA,C-terminal
67,ENST00000287766,SLC6A1,3,11078573,c.1721G>A,1721,G,A,t.2142,+,G,2,aAc,p.Ser574Asn,574,S,N,574,Missense,missense_variant,1,3.98e-06,9.18e-06,20.1,tolerated(0.31),0.31,benign(0),0,0.111,NA,C-terminal
61,ENST00000287766,SLC6A1,3,11078574,c.1722C>G,1722,C,G,t.2143,+,C,3,agG,p.Ser574Arg,574,S,R,574,Missense,missense_variant,2,7.97e-06,9.18e-06,15.49,tolerated(0.35),0.35,benign(0),0,0.063,NA,C-terminal
74,ENST00000287766,SLC6A1,3,11078582,c.1730T>C,1730,T,C,t.2151,+,T,2,aCc,p.Ile577Thr,577,I,T,577,Missense,missense_variant,1,3.98e-06,9.18e-06,23.1,deleterious(0.04),0.04,benign(0),0,0.22,NA,C-terminal
71,ENST00000287766,SLC6A1,3,11078584,c.1732G>A,1732,G,A,t.2153,+,G,1,Att,p.Val578Ile,578,V,I,578,Missense,missense_variant,8,3.18e-05,9.18e-06,16.26,tolerated(0.28),0.28,benign(0),0,0.094,NA,C-terminal
72,ENST00000287766,SLC6A1,3,11078584,c.1732G>C,1732,G,C,t.2153,+,G,1,Ctt,p.Val578Leu,578,V,L,578,Missense,missense_variant,1,3.98e-06,9.18e-06,15.68,tolerated(0.51),0.51,benign(0.003),0.003,0.098,NA,C-terminal
70,ENST00000287766,SLC6A1,3,11078587,c.1735C>T,1735,C,T,t.2156,+,C,1,Tgc,p.Arg579Cys,579,R,C,579,Missense,missense_variant,1,3.98e-06,9.18e-06,22.5,tolerated(0.14),0.14,benign(0),0,0.122,NA,C-terminal
73,ENST00000287766,SLC6A1,3,11078588,c.1736G>A,1736,G,A,t.2157,+,G,2,cAc,p.Arg579His,579,R,H,579,Missense,missense_variant,3,1.19e-05,9.18e-06,21.4,tolerated(0.44),0.44,benign(0),0,0.122,NA,C-terminal
75,ENST00000287766,SLC6A1,3,11078590,c.1738C>T,1738,C,T,t.2159,+,C,1,Tca,p.Pro580Ser,580,P,S,580,Missense,missense_variant,16,6.37e-05,9.18e-06,17.78,tolerated(0.21),0.21,benign(0),0,0.082,NA,C-terminal
62,ENST00000287766,SLC6A1,3,11078611,c.1759C>G,1759,C,G,t.2180,+,C,1,Gcc,p.Pro587Ala,587,P,A,587,Missense,missense_variant,1,3.98e-06,9.18e-06,16.19,tolerated(0.61),0.61,benign(0),0,0.087,NA,C-terminal
54,ENST00000287766,SLC6A1,3,11078618,c.1766C>T,1766,C,T,t.2187,+,C,2,gTg,p.Ala589Val,589,A,V,589,Missense,missense_variant,5,1.99e-05,9.18e-06,21.5,tolerated(0.3),0.3,benign(0.01),0.01,0.165,NA,C-terminal
58,ENST00000287766,SLC6A1,3,11078625,c.1773C>G,1773,C,G,t.2194,+,C,3,agG,p.Ser591Arg,591,S,R,591,Missense,missense_variant,1,3.98e-06,9.18e-06,20.2,tolerated(0.63),0.63,benign(0),0,0.167,NA,C-terminal
51,ENST00000287766,SLC6A1,3,11078633,c.1781G>C,1781,G,C,t.2202,+,G,2,aCc,p.Ser594Thr,594,S,T,594,Missense,missense_variant,2,7.97e-06,9.18e-06,16.91,tolerated(0.57),0.57,benign(0.01),0.01,0.144,NA,C-terminal
141,ENST00000287766,SLC6A1,3,11078639,c.1787A>G,1787,A,G,t.2208,+,A,2,gGg,p.Glu596Gly,596,E,G,596,Missense,missense_variant,2,7.09e-06,9.18e-06,24.3,deleterious(0.01),0.01,benign(0.118),0.118,0.352,NA,C-terminal
137,ENST00000287766,SLC6A1,3,11078645,c.1793A>G,1793,A,G,t.2214,+,A,2,tGc,p.Tyr598Cys,598,Y,C,598,Missense,missense_variant,2,7.09e-06,9.18e-06,24.3,deleterious_low_confidence(0.03),0.03,benign(0.436),0.436,0.384,NA,C-terminal
33,ENST00000287766,SLC6A1,3,11078647,c.1795A>G,1795,A,G,t.2216,+,A,1,Gtc,p.Ile599Val,599,I,V,599,Missense,missense_variant,1,3.99e-06,9.18e-06,20.4,tolerated_low_confidence(0.27),0.27,benign(0.001),0.001,0.256,NA,C-terminal
